{
	"languages": {
		"count": 2,
		"language": [
			{
				"files_to_analyze": [
					{
						"checksum": "c1008583a10053c8eea8c3389cb45caead28a0e7",
						"file": "C:\/Program Files (x86)\/Reference Assemblies\/Microsoft\/Framework\/.NETFramework\/v4.7.2\/Microsoft.CSharp.dll"
					},
					{
						"checksum": "7c0bbd3e73b9070790ea4fbc68c53cf68e4d8374",
						"file": "C:\/Program Files (x86)\/Reference Assemblies\/Microsoft\/Framework\/.NETFramework\/v4.7.2\/System.ComponentModel.DataAnnotations.dll"
					},
					{
						"checksum": "697630c3d45c76d7933221d490739683f5c4bbe9",
						"file": "C:\/Program Files (x86)\/Reference Assemblies\/Microsoft\/Framework\/.NETFramework\/v4.7.2\/System.Configuration.dll"
					},
					{
						"checksum": "ca068c2c11f1f840513284cd5f41846266302464",
						"file": "C:\/Program Files (x86)\/Reference Assemblies\/Microsoft\/Framework\/.NETFramework\/v4.7.2\/System.Core.dll"
					},
					{
						"checksum": "568450e14bfcd3cc3c18606871dd6caadea5fe5a",
						"file": "C:\/Program Files (x86)\/Reference Assemblies\/Microsoft\/Framework\/.NETFramework\/v4.7.2\/System.Data.DataSetExtensions.dll"
					},
					{
						"checksum": "9c3d5b2e916e9e5330439f07cc717181cde63dda",
						"file": "C:\/Program Files (x86)\/Reference Assemblies\/Microsoft\/Framework\/.NETFramework\/v4.7.2\/System.Data.dll"
					},
					{
						"checksum": "409a3d13d458e52336a9a1a2eee4326eb0ead986",
						"file": "C:\/Program Files (x86)\/Reference Assemblies\/Microsoft\/Framework\/.NETFramework\/v4.7.2\/System.Drawing.dll"
					},
					{
						"checksum": "431ccbd5b9c2df567642f55b502ef6576f3e40eb",
						"file": "C:\/Program Files (x86)\/Reference Assemblies\/Microsoft\/Framework\/.NETFramework\/v4.7.2\/System.EnterpriseServices.dll"
					},
					{
						"checksum": "74e3b906eb7fa348aa8be78cb94e5d36d34bbc84",
						"file": "C:\/Program Files (x86)\/Reference Assemblies\/Microsoft\/Framework\/.NETFramework\/v4.7.2\/System.Net.Http.WebRequest.dll"
					},
					{
						"checksum": "859c5f82a2fc22a6bcfbee92b841761a1b5b08b2",
						"file": "C:\/Program Files (x86)\/Reference Assemblies\/Microsoft\/Framework\/.NETFramework\/v4.7.2\/System.Net.Http.dll"
					},
					{
						"checksum": "a4619ea026419bb1f413ea19b1231279e0129679",
						"file": "C:\/Program Files (x86)\/Reference Assemblies\/Microsoft\/Framework\/.NETFramework\/v4.7.2\/System.Web.Abstractions.dll"
					},
					{
						"checksum": "ada1bab97f818d21d79877ba6574f4185a679d27",
						"file": "C:\/Program Files (x86)\/Reference Assemblies\/Microsoft\/Framework\/.NETFramework\/v4.7.2\/System.Web.ApplicationServices.dll"
					},
					{
						"checksum": "c3825ad81afac6959dd02fb82d133b1bd883792f",
						"file": "C:\/Program Files (x86)\/Reference Assemblies\/Microsoft\/Framework\/.NETFramework\/v4.7.2\/System.Web.DynamicData.dll"
					},
					{
						"checksum": "93ced12245ff5611354e3b49a03872480963a331",
						"file": "C:\/Program Files (x86)\/Reference Assemblies\/Microsoft\/Framework\/.NETFramework\/v4.7.2\/System.Web.Entity.dll"
					},
					{
						"checksum": "d8c91e30fbfa3ffc37297fea09392e6cbbebb3d9",
						"file": "C:\/Program Files (x86)\/Reference Assemblies\/Microsoft\/Framework\/.NETFramework\/v4.7.2\/System.Web.Extensions.dll"
					},
					{
						"checksum": "8246f0411aabaa6ae95926868d274065123936ff",
						"file": "C:\/Program Files (x86)\/Reference Assemblies\/Microsoft\/Framework\/.NETFramework\/v4.7.2\/System.Web.Routing.dll"
					},
					{
						"checksum": "03a3c548b4e1a3ccbf19363a5e02441a8221be31",
						"file": "C:\/Program Files (x86)\/Reference Assemblies\/Microsoft\/Framework\/.NETFramework\/v4.7.2\/System.Web.Services.dll"
					},
					{
						"checksum": "7e78060bb7b9bd4ba766449f86fad6bdcfce2826",
						"file": "C:\/Program Files (x86)\/Reference Assemblies\/Microsoft\/Framework\/.NETFramework\/v4.7.2\/System.Web.dll"
					},
					{
						"checksum": "b5ad96daacf546e264d19b430111816cb55d2f55",
						"file": "C:\/Program Files (x86)\/Reference Assemblies\/Microsoft\/Framework\/.NETFramework\/v4.7.2\/System.Xml.Linq.dll"
					},
					{
						"checksum": "4ec5a5369502733919b08bbd428a8b4427630688",
						"file": "C:\/Program Files (x86)\/Reference Assemblies\/Microsoft\/Framework\/.NETFramework\/v4.7.2\/System.Xml.dll"
					},
					{
						"checksum": "f363829dc6bead421d88962c3944e8c041d5c5fd",
						"file": "C:\/Program Files (x86)\/Reference Assemblies\/Microsoft\/Framework\/.NETFramework\/v4.7.2\/System.dll"
					},
					{
						"checksum": "4e7be17ac0430819db3fb299aed9e468b9c51ac9",
						"file": "C:\/Program Files (x86)\/Reference Assemblies\/Microsoft\/Framework\/.NETFramework\/v4.7.2\/mscorlib.dll"
					},
					{
						"checksum": "35398acc4b6b425ec96a5ea24f866c58a7df89a0",
						"file": "C:\/Program Files\/dotnet\/packs\/Microsoft.NETCore.App.Ref\/8.0.7\/ref\/net8.0\/Microsoft.CSharp.dll"
					},
					{
						"checksum": "5b8f88a65bfdf88196d1909a847323c0aac6c2a5",
						"file": "C:\/Program Files\/dotnet\/packs\/Microsoft.NETCore.App.Ref\/8.0.7\/ref\/net8.0\/Microsoft.VisualBasic.Core.dll"
					},
					{
						"checksum": "5a2f56de874bb12a02fbb6319d111b16b5f93d48",
						"file": "C:\/Program Files\/dotnet\/packs\/Microsoft.NETCore.App.Ref\/8.0.7\/ref\/net8.0\/Microsoft.VisualBasic.dll"
					},
					{
						"checksum": "b91bfb1150a121f386fbbea29aceae4105f7d99a",
						"file": "C:\/Program Files\/dotnet\/packs\/Microsoft.NETCore.App.Ref\/8.0.7\/ref\/net8.0\/Microsoft.Win32.Primitives.dll"
					},
					{
						"checksum": "133430c6cc0873103dc62b089d585101d5078a43",
						"file": "C:\/Program Files\/dotnet\/packs\/Microsoft.NETCore.App.Ref\/8.0.7\/ref\/net8.0\/Microsoft.Win32.Registry.dll"
					},
					{
						"checksum": "5f770dda7dd9c958340508ace43d16e35e84ffb3",
						"file": "C:\/Program Files\/dotnet\/packs\/Microsoft.NETCore.App.Ref\/8.0.7\/ref\/net8.0\/System.AppContext.dll"
					},
					{
						"checksum": "84265eb88bd3aa09b0a0be6d4a5afeba4d89e13c",
						"file": "C:\/Program Files\/dotnet\/packs\/Microsoft.NETCore.App.Ref\/8.0.7\/ref\/net8.0\/System.Buffers.dll"
					},
					{
						"checksum": "10ff512c62b13dc764ed273b563c5c3767c1fd8b",
						"file": "C:\/Program Files\/dotnet\/packs\/Microsoft.NETCore.App.Ref\/8.0.7\/ref\/net8.0\/System.Collections.Concurrent.dll"
					},
					{
						"checksum": "e5e0765f67f8ad643eadb544e790bd83f03db212",
						"file": "C:\/Program Files\/dotnet\/packs\/Microsoft.NETCore.App.Ref\/8.0.7\/ref\/net8.0\/System.Collections.Immutable.dll"
					},
					{
						"checksum": "54cf9122e82be40d078ce445144e744da4399eea",
						"file": "C:\/Program Files\/dotnet\/packs\/Microsoft.NETCore.App.Ref\/8.0.7\/ref\/net8.0\/System.Collections.NonGeneric.dll"
					},
					{
						"checksum": "1a4c9c0096431644354177517b624a2dae6436b8",
						"file": "C:\/Program Files\/dotnet\/packs\/Microsoft.NETCore.App.Ref\/8.0.7\/ref\/net8.0\/System.Collections.Specialized.dll"
					},
					{
						"checksum": "aab8a530f4438c120b31c14a6aa44bb1ec238eef",
						"file": "C:\/Program Files\/dotnet\/packs\/Microsoft.NETCore.App.Ref\/8.0.7\/ref\/net8.0\/System.Collections.dll"
					},
					{
						"checksum": "7b1aa5f8d282bdb238f65a783dd7fd0a9e98740a",
						"file": "C:\/Program Files\/dotnet\/packs\/Microsoft.NETCore.App.Ref\/8.0.7\/ref\/net8.0\/System.ComponentModel.Annotations.dll"
					},
					{
						"checksum": "9859c4bfdb225295fe551bd4068c03adfb26f536",
						"file": "C:\/Program Files\/dotnet\/packs\/Microsoft.NETCore.App.Ref\/8.0.7\/ref\/net8.0\/System.ComponentModel.DataAnnotations.dll"
					},
					{
						"checksum": "b59f2953c47f015a8afb907a5739b6ce432cb75f",
						"file": "C:\/Program Files\/dotnet\/packs\/Microsoft.NETCore.App.Ref\/8.0.7\/ref\/net8.0\/System.ComponentModel.EventBasedAsync.dll"
					},
					{
						"checksum": "98624fd4afffeb7a1727ed64f1c8fa9800eb2729",
						"file": "C:\/Program Files\/dotnet\/packs\/Microsoft.NETCore.App.Ref\/8.0.7\/ref\/net8.0\/System.ComponentModel.Primitives.dll"
					},
					{
						"checksum": "c8f07903d4d4623170f2bb69b457af4119527f30",
						"file": "C:\/Program Files\/dotnet\/packs\/Microsoft.NETCore.App.Ref\/8.0.7\/ref\/net8.0\/System.ComponentModel.TypeConverter.dll"
					},
					{
						"checksum": "4f0abd9018c07a3ba65988d18337f235820f195a",
						"file": "C:\/Program Files\/dotnet\/packs\/Microsoft.NETCore.App.Ref\/8.0.7\/ref\/net8.0\/System.ComponentModel.dll"
					},
					{
						"checksum": "7825ef37773f474a081b3d56dfa42c378bbbfeda",
						"file": "C:\/Program Files\/dotnet\/packs\/Microsoft.NETCore.App.Ref\/8.0.7\/ref\/net8.0\/System.Configuration.dll"
					},
					{
						"checksum": "ccf992daaf4a1851115eaa96a7ddd852e7fad449",
						"file": "C:\/Program Files\/dotnet\/packs\/Microsoft.NETCore.App.Ref\/8.0.7\/ref\/net8.0\/System.Console.dll"
					},
					{
						"checksum": "b7f328652e88b5e1640b96407155ab3ced9e66d9",
						"file": "C:\/Program Files\/dotnet\/packs\/Microsoft.NETCore.App.Ref\/8.0.7\/ref\/net8.0\/System.Core.dll"
					},
					{
						"checksum": "390c94e4ee193c9626938613f05de59e2b66504d",
						"file": "C:\/Program Files\/dotnet\/packs\/Microsoft.NETCore.App.Ref\/8.0.7\/ref\/net8.0\/System.Data.Common.dll"
					},
					{
						"checksum": "04fbb538b4197948a5ed05e0760259a144b3c920",
						"file": "C:\/Program Files\/dotnet\/packs\/Microsoft.NETCore.App.Ref\/8.0.7\/ref\/net8.0\/System.Data.DataSetExtensions.dll"
					},
					{
						"checksum": "c4cab925557aee5c98cc034793d46be9d2737292",
						"file": "C:\/Program Files\/dotnet\/packs\/Microsoft.NETCore.App.Ref\/8.0.7\/ref\/net8.0\/System.Data.dll"
					},
					{
						"checksum": "ef0f37f0ecc86c1e5971d3a5ff943be373a3dea6",
						"file": "C:\/Program Files\/dotnet\/packs\/Microsoft.NETCore.App.Ref\/8.0.7\/ref\/net8.0\/System.Diagnostics.Contracts.dll"
					},
					{
						"checksum": "ec28c8d37e7bbcba6b36c289dc0b1df93bed502d",
						"file": "C:\/Program Files\/dotnet\/packs\/Microsoft.NETCore.App.Ref\/8.0.7\/ref\/net8.0\/System.Diagnostics.Debug.dll"
					},
					{
						"checksum": "5cbc53fe73761b33f87b362d973a609517407ba4",
						"file": "C:\/Program Files\/dotnet\/packs\/Microsoft.NETCore.App.Ref\/8.0.7\/ref\/net8.0\/System.Diagnostics.DiagnosticSource.dll"
					},
					{
						"checksum": "d4a058a3c92b3bd8aa5be1408f30745db4b93547",
						"file": "C:\/Program Files\/dotnet\/packs\/Microsoft.NETCore.App.Ref\/8.0.7\/ref\/net8.0\/System.Diagnostics.FileVersionInfo.dll"
					},
					{
						"checksum": "e543d68459ac20c948256a1093c93f323ceeaa35",
						"file": "C:\/Program Files\/dotnet\/packs\/Microsoft.NETCore.App.Ref\/8.0.7\/ref\/net8.0\/System.Diagnostics.Process.dll"
					},
					{
						"checksum": "72986ed792a97525289bdc59b6849acf312a8ea6",
						"file": "C:\/Program Files\/dotnet\/packs\/Microsoft.NETCore.App.Ref\/8.0.7\/ref\/net8.0\/System.Diagnostics.StackTrace.dll"
					},
					{
						"checksum": "373d9feccf63997faae9a0fb3e4bfb5c395ee960",
						"file": "C:\/Program Files\/dotnet\/packs\/Microsoft.NETCore.App.Ref\/8.0.7\/ref\/net8.0\/System.Diagnostics.TextWriterTraceListener.dll"
					},
					{
						"checksum": "a2ffa0308b41b5200b6230dbbb2423c424cd2bd5",
						"file": "C:\/Program Files\/dotnet\/packs\/Microsoft.NETCore.App.Ref\/8.0.7\/ref\/net8.0\/System.Diagnostics.Tools.dll"
					},
					{
						"checksum": "14faf9ab74945467fc55252d45cd2d003b92bef4",
						"file": "C:\/Program Files\/dotnet\/packs\/Microsoft.NETCore.App.Ref\/8.0.7\/ref\/net8.0\/System.Diagnostics.TraceSource.dll"
					},
					{
						"checksum": "a6e6e7cad0db743d9a60b1bbe645c1854ecb72a5",
						"file": "C:\/Program Files\/dotnet\/packs\/Microsoft.NETCore.App.Ref\/8.0.7\/ref\/net8.0\/System.Diagnostics.Tracing.dll"
					},
					{
						"checksum": "860ca5f6afa346e96c153e618870ee5eaf7250e1",
						"file": "C:\/Program Files\/dotnet\/packs\/Microsoft.NETCore.App.Ref\/8.0.7\/ref\/net8.0\/System.Drawing.Primitives.dll"
					},
					{
						"checksum": "1a218bf3890404a1507fc3738c583692d8218959",
						"file": "C:\/Program Files\/dotnet\/packs\/Microsoft.NETCore.App.Ref\/8.0.7\/ref\/net8.0\/System.Drawing.dll"
					},
					{
						"checksum": "438bed7253cd463f37633221b84a19c6652319a2",
						"file": "C:\/Program Files\/dotnet\/packs\/Microsoft.NETCore.App.Ref\/8.0.7\/ref\/net8.0\/System.Dynamic.Runtime.dll"
					},
					{
						"checksum": "70a8e2443678ced35f2ae7be46ca919aeba0970d",
						"file": "C:\/Program Files\/dotnet\/packs\/Microsoft.NETCore.App.Ref\/8.0.7\/ref\/net8.0\/System.Formats.Asn1.dll"
					},
					{
						"checksum": "af04d82e01ea61fd75839e1a2dd73f1895f15260",
						"file": "C:\/Program Files\/dotnet\/packs\/Microsoft.NETCore.App.Ref\/8.0.7\/ref\/net8.0\/System.Formats.Tar.dll"
					},
					{
						"checksum": "6c59e6d21b8aa9233822e10d19d6e192cd735ebf",
						"file": "C:\/Program Files\/dotnet\/packs\/Microsoft.NETCore.App.Ref\/8.0.7\/ref\/net8.0\/System.Globalization.Calendars.dll"
					},
					{
						"checksum": "641a9aa8142e833a1ad9fee7a9cd0863b5ed4e13",
						"file": "C:\/Program Files\/dotnet\/packs\/Microsoft.NETCore.App.Ref\/8.0.7\/ref\/net8.0\/System.Globalization.Extensions.dll"
					},
					{
						"checksum": "0cd47466a4e7accac07a9f895ef36e314b205ccb",
						"file": "C:\/Program Files\/dotnet\/packs\/Microsoft.NETCore.App.Ref\/8.0.7\/ref\/net8.0\/System.Globalization.dll"
					},
					{
						"checksum": "04f4abfce25a38e27acdbcc620b75b5fb6cff772",
						"file": "C:\/Program Files\/dotnet\/packs\/Microsoft.NETCore.App.Ref\/8.0.7\/ref\/net8.0\/System.IO.Compression.Brotli.dll"
					},
					{
						"checksum": "8c4adfa23c9dd7771c03b4a667b3f533b879020d",
						"file": "C:\/Program Files\/dotnet\/packs\/Microsoft.NETCore.App.Ref\/8.0.7\/ref\/net8.0\/System.IO.Compression.FileSystem.dll"
					},
					{
						"checksum": "158462b5966503935dc0f9fd791065614b3489be",
						"file": "C:\/Program Files\/dotnet\/packs\/Microsoft.NETCore.App.Ref\/8.0.7\/ref\/net8.0\/System.IO.Compression.ZipFile.dll"
					},
					{
						"checksum": "62743ba2708a1ce07b102fc2427923534891971a",
						"file": "C:\/Program Files\/dotnet\/packs\/Microsoft.NETCore.App.Ref\/8.0.7\/ref\/net8.0\/System.IO.Compression.dll"
					},
					{
						"checksum": "846bd33b2a4c1f32efa6c688e6bbd38bb91980e9",
						"file": "C:\/Program Files\/dotnet\/packs\/Microsoft.NETCore.App.Ref\/8.0.7\/ref\/net8.0\/System.IO.FileSystem.AccessControl.dll"
					},
					{
						"checksum": "e456c3dd848955fda32d23ae4a4f6d7a9d2e8aee",
						"file": "C:\/Program Files\/dotnet\/packs\/Microsoft.NETCore.App.Ref\/8.0.7\/ref\/net8.0\/System.IO.FileSystem.DriveInfo.dll"
					},
					{
						"checksum": "418177299635aa2937791c6753b25f27ffcbcd26",
						"file": "C:\/Program Files\/dotnet\/packs\/Microsoft.NETCore.App.Ref\/8.0.7\/ref\/net8.0\/System.IO.FileSystem.Primitives.dll"
					},
					{
						"checksum": "aa04c1f7a35b3ddcf5df6d3e93d6419266147bff",
						"file": "C:\/Program Files\/dotnet\/packs\/Microsoft.NETCore.App.Ref\/8.0.7\/ref\/net8.0\/System.IO.FileSystem.Watcher.dll"
					},
					{
						"checksum": "ab56bfb961e163aadf36b532d205b91aac93702f",
						"file": "C:\/Program Files\/dotnet\/packs\/Microsoft.NETCore.App.Ref\/8.0.7\/ref\/net8.0\/System.IO.FileSystem.dll"
					},
					{
						"checksum": "54ac1f3c1845ca867c310d0cb89126babcc0d15b",
						"file": "C:\/Program Files\/dotnet\/packs\/Microsoft.NETCore.App.Ref\/8.0.7\/ref\/net8.0\/System.IO.IsolatedStorage.dll"
					},
					{
						"checksum": "ebae419004b3967522f493ec17b9d195fc15b11a",
						"file": "C:\/Program Files\/dotnet\/packs\/Microsoft.NETCore.App.Ref\/8.0.7\/ref\/net8.0\/System.IO.MemoryMappedFiles.dll"
					},
					{
						"checksum": "f95a955e9b0d56135d90ff9fab8b79300b445c0c",
						"file": "C:\/Program Files\/dotnet\/packs\/Microsoft.NETCore.App.Ref\/8.0.7\/ref\/net8.0\/System.IO.Pipes.AccessControl.dll"
					},
					{
						"checksum": "9a23ef3bca1afce0541818aaed1e5aba942cc976",
						"file": "C:\/Program Files\/dotnet\/packs\/Microsoft.NETCore.App.Ref\/8.0.7\/ref\/net8.0\/System.IO.Pipes.dll"
					},
					{
						"checksum": "34d3f0f466e6f3a6159804718fe44b76798c7676",
						"file": "C:\/Program Files\/dotnet\/packs\/Microsoft.NETCore.App.Ref\/8.0.7\/ref\/net8.0\/System.IO.UnmanagedMemoryStream.dll"
					},
					{
						"checksum": "4a0f10b25774597169e8bd0ffe751b228d639aa1",
						"file": "C:\/Program Files\/dotnet\/packs\/Microsoft.NETCore.App.Ref\/8.0.7\/ref\/net8.0\/System.IO.dll"
					},
					{
						"checksum": "11f8a37aa7c56efc599e55e88a2d65a761ba13e2",
						"file": "C:\/Program Files\/dotnet\/packs\/Microsoft.NETCore.App.Ref\/8.0.7\/ref\/net8.0\/System.Linq.Expressions.dll"
					},
					{
						"checksum": "746b4832d9cb6951dae50ed238aefec0e83aaf33",
						"file": "C:\/Program Files\/dotnet\/packs\/Microsoft.NETCore.App.Ref\/8.0.7\/ref\/net8.0\/System.Linq.Parallel.dll"
					},
					{
						"checksum": "b1468a551852e25a09fc9a1395abe93865885407",
						"file": "C:\/Program Files\/dotnet\/packs\/Microsoft.NETCore.App.Ref\/8.0.7\/ref\/net8.0\/System.Linq.Queryable.dll"
					},
					{
						"checksum": "d8bb9d53de86b7946a4522b3ec13ad413ef33d41",
						"file": "C:\/Program Files\/dotnet\/packs\/Microsoft.NETCore.App.Ref\/8.0.7\/ref\/net8.0\/System.Linq.dll"
					},
					{
						"checksum": "5625c09b16f95c95f15127671a8fdfa885977971",
						"file": "C:\/Program Files\/dotnet\/packs\/Microsoft.NETCore.App.Ref\/8.0.7\/ref\/net8.0\/System.Memory.dll"
					},
					{
						"checksum": "797fdc73cb2367bb65254bbf520b2c9d1f8b06c1",
						"file": "C:\/Program Files\/dotnet\/packs\/Microsoft.NETCore.App.Ref\/8.0.7\/ref\/net8.0\/System.Net.Http.Json.dll"
					},
					{
						"checksum": "57de881ea1f918aabdc9b1d7cf19bec447013e45",
						"file": "C:\/Program Files\/dotnet\/packs\/Microsoft.NETCore.App.Ref\/8.0.7\/ref\/net8.0\/System.Net.Http.dll"
					},
					{
						"checksum": "8b714bb8d0bf87785a9d899d40191d471c00b10a",
						"file": "C:\/Program Files\/dotnet\/packs\/Microsoft.NETCore.App.Ref\/8.0.7\/ref\/net8.0\/System.Net.HttpListener.dll"
					},
					{
						"checksum": "be428d97f1807c243b42ed3d25448f37ebc049f4",
						"file": "C:\/Program Files\/dotnet\/packs\/Microsoft.NETCore.App.Ref\/8.0.7\/ref\/net8.0\/System.Net.Mail.dll"
					},
					{
						"checksum": "d238318d251fe20239b2335e399d0808fe78100a",
						"file": "C:\/Program Files\/dotnet\/packs\/Microsoft.NETCore.App.Ref\/8.0.7\/ref\/net8.0\/System.Net.NameResolution.dll"
					},
					{
						"checksum": "203dd6484c15b13640640912032e9922b6ebe078",
						"file": "C:\/Program Files\/dotnet\/packs\/Microsoft.NETCore.App.Ref\/8.0.7\/ref\/net8.0\/System.Net.NetworkInformation.dll"
					},
					{
						"checksum": "9aa31e7bcdbea3f0df3406e74af86482ecfe3e1e",
						"file": "C:\/Program Files\/dotnet\/packs\/Microsoft.NETCore.App.Ref\/8.0.7\/ref\/net8.0\/System.Net.Ping.dll"
					},
					{
						"checksum": "e8b4e1f0b1e03b75b246b48af781390486b30ea7",
						"file": "C:\/Program Files\/dotnet\/packs\/Microsoft.NETCore.App.Ref\/8.0.7\/ref\/net8.0\/System.Net.Primitives.dll"
					},
					{
						"checksum": "5a327c1ebc3fd402b0ad5d3f5a40c65b82fb9178",
						"file": "C:\/Program Files\/dotnet\/packs\/Microsoft.NETCore.App.Ref\/8.0.7\/ref\/net8.0\/System.Net.Quic.dll"
					},
					{
						"checksum": "dd1684749354c2b5309b35ad7989579b5df7d831",
						"file": "C:\/Program Files\/dotnet\/packs\/Microsoft.NETCore.App.Ref\/8.0.7\/ref\/net8.0\/System.Net.Requests.dll"
					},
					{
						"checksum": "5c7c2a12d57d286e88c3b28f21cd39a8ff9b73c1",
						"file": "C:\/Program Files\/dotnet\/packs\/Microsoft.NETCore.App.Ref\/8.0.7\/ref\/net8.0\/System.Net.Security.dll"
					},
					{
						"checksum": "2f22c131ccde1e1bf604a44b4433400200128706",
						"file": "C:\/Program Files\/dotnet\/packs\/Microsoft.NETCore.App.Ref\/8.0.7\/ref\/net8.0\/System.Net.ServicePoint.dll"
					},
					{
						"checksum": "9dbe32a3adb8c13876e590bbd30f966df8ec57ea",
						"file": "C:\/Program Files\/dotnet\/packs\/Microsoft.NETCore.App.Ref\/8.0.7\/ref\/net8.0\/System.Net.Sockets.dll"
					},
					{
						"checksum": "47b0d3c70dbd1770bcca36dc9f7f613e700c94c8",
						"file": "C:\/Program Files\/dotnet\/packs\/Microsoft.NETCore.App.Ref\/8.0.7\/ref\/net8.0\/System.Net.WebClient.dll"
					},
					{
						"checksum": "338027f88eef29f4a3c7dd7f2c3d0eb870647994",
						"file": "C:\/Program Files\/dotnet\/packs\/Microsoft.NETCore.App.Ref\/8.0.7\/ref\/net8.0\/System.Net.WebHeaderCollection.dll"
					},
					{
						"checksum": "0a3f0c5988cae09ccf2fdab6d0ce4065de1bbfa0",
						"file": "C:\/Program Files\/dotnet\/packs\/Microsoft.NETCore.App.Ref\/8.0.7\/ref\/net8.0\/System.Net.WebProxy.dll"
					},
					{
						"checksum": "6a116bbeb3f29921f7c2ed68300cfae113b2f4d4",
						"file": "C:\/Program Files\/dotnet\/packs\/Microsoft.NETCore.App.Ref\/8.0.7\/ref\/net8.0\/System.Net.WebSockets.Client.dll"
					},
					{
						"checksum": "1139c54839f93313041be39f577a3c1b1d672450",
						"file": "C:\/Program Files\/dotnet\/packs\/Microsoft.NETCore.App.Ref\/8.0.7\/ref\/net8.0\/System.Net.WebSockets.dll"
					},
					{
						"checksum": "86750b20cdb1fbb17141de5cd0c69eb2587e2907",
						"file": "C:\/Program Files\/dotnet\/packs\/Microsoft.NETCore.App.Ref\/8.0.7\/ref\/net8.0\/System.Net.dll"
					},
					{
						"checksum": "6d28e1b62a7436372d74b80613bbe039fd5438cb",
						"file": "C:\/Program Files\/dotnet\/packs\/Microsoft.NETCore.App.Ref\/8.0.7\/ref\/net8.0\/System.Numerics.Vectors.dll"
					},
					{
						"checksum": "1b89ef3614da2d4676ef76e062568b70ad92bb61",
						"file": "C:\/Program Files\/dotnet\/packs\/Microsoft.NETCore.App.Ref\/8.0.7\/ref\/net8.0\/System.Numerics.dll"
					},
					{
						"checksum": "7370863296cb22e085caba690670281b31cf777b",
						"file": "C:\/Program Files\/dotnet\/packs\/Microsoft.NETCore.App.Ref\/8.0.7\/ref\/net8.0\/System.ObjectModel.dll"
					},
					{
						"checksum": "b1ec47907c6642a3261da1f2c5f98977801033c1",
						"file": "C:\/Program Files\/dotnet\/packs\/Microsoft.NETCore.App.Ref\/8.0.7\/ref\/net8.0\/System.Reflection.DispatchProxy.dll"
					},
					{
						"checksum": "42b2103594b889e571f70d866946dce8a08b1e92",
						"file": "C:\/Program Files\/dotnet\/packs\/Microsoft.NETCore.App.Ref\/8.0.7\/ref\/net8.0\/System.Reflection.Emit.ILGeneration.dll"
					},
					{
						"checksum": "1bf83c77d191514213beea85cb370afd77ee5b6f",
						"file": "C:\/Program Files\/dotnet\/packs\/Microsoft.NETCore.App.Ref\/8.0.7\/ref\/net8.0\/System.Reflection.Emit.Lightweight.dll"
					},
					{
						"checksum": "39a9f7936b43d43055e7a8f7e99ca2cc8becd1bf",
						"file": "C:\/Program Files\/dotnet\/packs\/Microsoft.NETCore.App.Ref\/8.0.7\/ref\/net8.0\/System.Reflection.Emit.dll"
					},
					{
						"checksum": "a195f75d7e1dc73768566658968044e07268344e",
						"file": "C:\/Program Files\/dotnet\/packs\/Microsoft.NETCore.App.Ref\/8.0.7\/ref\/net8.0\/System.Reflection.Extensions.dll"
					},
					{
						"checksum": "0ca385e4bc5d090bb124b5e9aaf94d0136ea6311",
						"file": "C:\/Program Files\/dotnet\/packs\/Microsoft.NETCore.App.Ref\/8.0.7\/ref\/net8.0\/System.Reflection.Metadata.dll"
					},
					{
						"checksum": "3919c93e07a7fcdee15a0f5b654d2e1c3357f9b8",
						"file": "C:\/Program Files\/dotnet\/packs\/Microsoft.NETCore.App.Ref\/8.0.7\/ref\/net8.0\/System.Reflection.Primitives.dll"
					},
					{
						"checksum": "b953575717cd3fca3700b622e466dccd3ceb2173",
						"file": "C:\/Program Files\/dotnet\/packs\/Microsoft.NETCore.App.Ref\/8.0.7\/ref\/net8.0\/System.Reflection.TypeExtensions.dll"
					},
					{
						"checksum": "0d679135b3977a707dc5d2b4bea0345ddd6676f0",
						"file": "C:\/Program Files\/dotnet\/packs\/Microsoft.NETCore.App.Ref\/8.0.7\/ref\/net8.0\/System.Reflection.dll"
					},
					{
						"checksum": "d2afa9b0f2a6da685933fe6404bd4bfd694f66b3",
						"file": "C:\/Program Files\/dotnet\/packs\/Microsoft.NETCore.App.Ref\/8.0.7\/ref\/net8.0\/System.Resources.Reader.dll"
					},
					{
						"checksum": "c3228222331006079bf73bdaf0b7ee442d77aeb4",
						"file": "C:\/Program Files\/dotnet\/packs\/Microsoft.NETCore.App.Ref\/8.0.7\/ref\/net8.0\/System.Resources.ResourceManager.dll"
					},
					{
						"checksum": "6fa8a35b1d0fcc7e6b1e02716a4dcf199a2dd220",
						"file": "C:\/Program Files\/dotnet\/packs\/Microsoft.NETCore.App.Ref\/8.0.7\/ref\/net8.0\/System.Resources.Writer.dll"
					},
					{
						"checksum": "bb362bf475f8f67a2e4b2715bdc1d9fcb9d8346e",
						"file": "C:\/Program Files\/dotnet\/packs\/Microsoft.NETCore.App.Ref\/8.0.7\/ref\/net8.0\/System.Runtime.CompilerServices.Unsafe.dll"
					},
					{
						"checksum": "381a4f79d11b991e115888045d8dbcfc6da3be76",
						"file": "C:\/Program Files\/dotnet\/packs\/Microsoft.NETCore.App.Ref\/8.0.7\/ref\/net8.0\/System.Runtime.CompilerServices.VisualC.dll"
					},
					{
						"checksum": "e7342c38c50f314f6d8b755cd0f8869ae7d26355",
						"file": "C:\/Program Files\/dotnet\/packs\/Microsoft.NETCore.App.Ref\/8.0.7\/ref\/net8.0\/System.Runtime.Extensions.dll"
					},
					{
						"checksum": "bfa6c1c8edac4aa30e7119a2f80b1d10d78b5c5c",
						"file": "C:\/Program Files\/dotnet\/packs\/Microsoft.NETCore.App.Ref\/8.0.7\/ref\/net8.0\/System.Runtime.Handles.dll"
					},
					{
						"checksum": "0d73ce23753cbc83feb7bf5c5b9a93d72c7ef303",
						"file": "C:\/Program Files\/dotnet\/packs\/Microsoft.NETCore.App.Ref\/8.0.7\/ref\/net8.0\/System.Runtime.InteropServices.JavaScript.dll"
					},
					{
						"checksum": "4620aa430769714e4c1b32152d5bccc2cbf25d22",
						"file": "C:\/Program Files\/dotnet\/packs\/Microsoft.NETCore.App.Ref\/8.0.7\/ref\/net8.0\/System.Runtime.InteropServices.RuntimeInformation.dll"
					},
					{
						"checksum": "70f2aa99510062cb747653a1e01cb28cae2ceda5",
						"file": "C:\/Program Files\/dotnet\/packs\/Microsoft.NETCore.App.Ref\/8.0.7\/ref\/net8.0\/System.Runtime.InteropServices.dll"
					},
					{
						"checksum": "46946f02b327ec3011f76c1101b4f6efa2cbeb92",
						"file": "C:\/Program Files\/dotnet\/packs\/Microsoft.NETCore.App.Ref\/8.0.7\/ref\/net8.0\/System.Runtime.Intrinsics.dll"
					},
					{
						"checksum": "36d2efa49dd89c71b9227d911fa75308f544bf67",
						"file": "C:\/Program Files\/dotnet\/packs\/Microsoft.NETCore.App.Ref\/8.0.7\/ref\/net8.0\/System.Runtime.Loader.dll"
					},
					{
						"checksum": "65ac2ead1d6bd77dc5ff5de99df09142d9dc7f3e",
						"file": "C:\/Program Files\/dotnet\/packs\/Microsoft.NETCore.App.Ref\/8.0.7\/ref\/net8.0\/System.Runtime.Numerics.dll"
					},
					{
						"checksum": "7fcef345eabdf75debb1660c5cc17520dc66b8c7",
						"file": "C:\/Program Files\/dotnet\/packs\/Microsoft.NETCore.App.Ref\/8.0.7\/ref\/net8.0\/System.Runtime.Serialization.Formatters.dll"
					},
					{
						"checksum": "03e779a28ce34c7d540dc4f06e8fcdf15e912c74",
						"file": "C:\/Program Files\/dotnet\/packs\/Microsoft.NETCore.App.Ref\/8.0.7\/ref\/net8.0\/System.Runtime.Serialization.Json.dll"
					},
					{
						"checksum": "04a1a4ff3c2f8825dee641c51f1544521d73d2e6",
						"file": "C:\/Program Files\/dotnet\/packs\/Microsoft.NETCore.App.Ref\/8.0.7\/ref\/net8.0\/System.Runtime.Serialization.Primitives.dll"
					},
					{
						"checksum": "7c1b936ea415cd56690f3347048b93473dbaf79b",
						"file": "C:\/Program Files\/dotnet\/packs\/Microsoft.NETCore.App.Ref\/8.0.7\/ref\/net8.0\/System.Runtime.Serialization.Xml.dll"
					},
					{
						"checksum": "edf8a65b81c8a4fbdcd12a5e10d69f6be3d1c10f",
						"file": "C:\/Program Files\/dotnet\/packs\/Microsoft.NETCore.App.Ref\/8.0.7\/ref\/net8.0\/System.Runtime.Serialization.dll"
					},
					{
						"checksum": "a6af2b1d76e857528f85efba73011a5244fa6216",
						"file": "C:\/Program Files\/dotnet\/packs\/Microsoft.NETCore.App.Ref\/8.0.7\/ref\/net8.0\/System.Runtime.dll"
					},
					{
						"checksum": "6919e78740276a01cb7653e659a9752432f65389",
						"file": "C:\/Program Files\/dotnet\/packs\/Microsoft.NETCore.App.Ref\/8.0.7\/ref\/net8.0\/System.Security.AccessControl.dll"
					},
					{
						"checksum": "a4c19e0f052e87506730e549b7cbfafdbd98d9a8",
						"file": "C:\/Program Files\/dotnet\/packs\/Microsoft.NETCore.App.Ref\/8.0.7\/ref\/net8.0\/System.Security.Claims.dll"
					},
					{
						"checksum": "b47461f65de505957896366a7eaa5cbbdf684efe",
						"file": "C:\/Program Files\/dotnet\/packs\/Microsoft.NETCore.App.Ref\/8.0.7\/ref\/net8.0\/System.Security.Cryptography.Algorithms.dll"
					},
					{
						"checksum": "370fdaeacb34eb1e038493643b5ee0a884723611",
						"file": "C:\/Program Files\/dotnet\/packs\/Microsoft.NETCore.App.Ref\/8.0.7\/ref\/net8.0\/System.Security.Cryptography.Cng.dll"
					},
					{
						"checksum": "3a4d53c47dcd95549501066d28a1d56c7806251f",
						"file": "C:\/Program Files\/dotnet\/packs\/Microsoft.NETCore.App.Ref\/8.0.7\/ref\/net8.0\/System.Security.Cryptography.Csp.dll"
					},
					{
						"checksum": "e6364a6bc9a0a2aa2015dcf353b544d53239ec94",
						"file": "C:\/Program Files\/dotnet\/packs\/Microsoft.NETCore.App.Ref\/8.0.7\/ref\/net8.0\/System.Security.Cryptography.Encoding.dll"
					},
					{
						"checksum": "023bc7f88b8a7529f0f038cb5bc81c4b76d466ba",
						"file": "C:\/Program Files\/dotnet\/packs\/Microsoft.NETCore.App.Ref\/8.0.7\/ref\/net8.0\/System.Security.Cryptography.OpenSsl.dll"
					},
					{
						"checksum": "cbda21d90aa5dc1d90a2f28a3da3e49d940f4c63",
						"file": "C:\/Program Files\/dotnet\/packs\/Microsoft.NETCore.App.Ref\/8.0.7\/ref\/net8.0\/System.Security.Cryptography.Primitives.dll"
					},
					{
						"checksum": "0b0f19a46a544ef3a16e5e1c0f617794c2b70145",
						"file": "C:\/Program Files\/dotnet\/packs\/Microsoft.NETCore.App.Ref\/8.0.7\/ref\/net8.0\/System.Security.Cryptography.X509Certificates.dll"
					},
					{
						"checksum": "6f0f49594921a9a1d742c70a9cbce06701e92294",
						"file": "C:\/Program Files\/dotnet\/packs\/Microsoft.NETCore.App.Ref\/8.0.7\/ref\/net8.0\/System.Security.Cryptography.dll"
					},
					{
						"checksum": "ee835e871b699598fdf5b69711ec13ceb5913b56",
						"file": "C:\/Program Files\/dotnet\/packs\/Microsoft.NETCore.App.Ref\/8.0.7\/ref\/net8.0\/System.Security.Principal.Windows.dll"
					},
					{
						"checksum": "f4811c5399c271e045e9d39ff8787b98ce89e34a",
						"file": "C:\/Program Files\/dotnet\/packs\/Microsoft.NETCore.App.Ref\/8.0.7\/ref\/net8.0\/System.Security.Principal.dll"
					},
					{
						"checksum": "e11b08df760b81f1ee686a87e799fabe3e3bf830",
						"file": "C:\/Program Files\/dotnet\/packs\/Microsoft.NETCore.App.Ref\/8.0.7\/ref\/net8.0\/System.Security.SecureString.dll"
					},
					{
						"checksum": "cd6a3242fb156835e7cb43c7377925c970d883f9",
						"file": "C:\/Program Files\/dotnet\/packs\/Microsoft.NETCore.App.Ref\/8.0.7\/ref\/net8.0\/System.Security.dll"
					},
					{
						"checksum": "2bdb1ccd389c788a761e95d6777075d21ab0dc91",
						"file": "C:\/Program Files\/dotnet\/packs\/Microsoft.NETCore.App.Ref\/8.0.7\/ref\/net8.0\/System.ServiceModel.Web.dll"
					},
					{
						"checksum": "8d0dbf22495887c9526db05811a144d0acf0eddf",
						"file": "C:\/Program Files\/dotnet\/packs\/Microsoft.NETCore.App.Ref\/8.0.7\/ref\/net8.0\/System.ServiceProcess.dll"
					},
					{
						"checksum": "d9f8d4f1ab99de7bd317a091774b3d0cec4abb25",
						"file": "C:\/Program Files\/dotnet\/packs\/Microsoft.NETCore.App.Ref\/8.0.7\/ref\/net8.0\/System.Text.Encoding.CodePages.dll"
					},
					{
						"checksum": "91e2ec112566b759bcae8b67b67879e8608ce27f",
						"file": "C:\/Program Files\/dotnet\/packs\/Microsoft.NETCore.App.Ref\/8.0.7\/ref\/net8.0\/System.Text.Encoding.Extensions.dll"
					},
					{
						"checksum": "fa57e282d4bb2a3d5641465b674a445769761601",
						"file": "C:\/Program Files\/dotnet\/packs\/Microsoft.NETCore.App.Ref\/8.0.7\/ref\/net8.0\/System.Text.Encoding.dll"
					},
					{
						"checksum": "afece686546ee3852c2978d4271737e0e7bdbee2",
						"file": "C:\/Program Files\/dotnet\/packs\/Microsoft.NETCore.App.Ref\/8.0.7\/ref\/net8.0\/System.Text.Encodings.Web.dll"
					},
					{
						"checksum": "6f0c9df6553cb34a44d692c44d04fbd076d2c3e9",
						"file": "C:\/Program Files\/dotnet\/packs\/Microsoft.NETCore.App.Ref\/8.0.7\/ref\/net8.0\/System.Text.Json.dll"
					},
					{
						"checksum": "b81bef68d6eeaa7acacf717a113186cd60fb6a9c",
						"file": "C:\/Program Files\/dotnet\/packs\/Microsoft.NETCore.App.Ref\/8.0.7\/ref\/net8.0\/System.Text.RegularExpressions.dll"
					},
					{
						"checksum": "70b89220ddcf01cd5f4cd2ebb9fd47bfebc923d5",
						"file": "C:\/Program Files\/dotnet\/packs\/Microsoft.NETCore.App.Ref\/8.0.7\/ref\/net8.0\/System.Threading.Channels.dll"
					},
					{
						"checksum": "c67d45aa638cb406835c681fec0590c28337c8b6",
						"file": "C:\/Program Files\/dotnet\/packs\/Microsoft.NETCore.App.Ref\/8.0.7\/ref\/net8.0\/System.Threading.Overlapped.dll"
					},
					{
						"checksum": "aea18bb1df86a3eebd5a099a1f04d4c1c87074fe",
						"file": "C:\/Program Files\/dotnet\/packs\/Microsoft.NETCore.App.Ref\/8.0.7\/ref\/net8.0\/System.Threading.Tasks.Dataflow.dll"
					},
					{
						"checksum": "57b2e27b5d8e5d75b2111ccd35b35c218abdce49",
						"file": "C:\/Program Files\/dotnet\/packs\/Microsoft.NETCore.App.Ref\/8.0.7\/ref\/net8.0\/System.Threading.Tasks.Extensions.dll"
					},
					{
						"checksum": "a9ad775f06693f7315ccd3c25c1a7080faf14f98",
						"file": "C:\/Program Files\/dotnet\/packs\/Microsoft.NETCore.App.Ref\/8.0.7\/ref\/net8.0\/System.Threading.Tasks.Parallel.dll"
					},
					{
						"checksum": "ab410b93a874901557216231597c634806746c50",
						"file": "C:\/Program Files\/dotnet\/packs\/Microsoft.NETCore.App.Ref\/8.0.7\/ref\/net8.0\/System.Threading.Tasks.dll"
					},
					{
						"checksum": "de19d7a483fda6c495dd527646fc4dc8cafb14a9",
						"file": "C:\/Program Files\/dotnet\/packs\/Microsoft.NETCore.App.Ref\/8.0.7\/ref\/net8.0\/System.Threading.Thread.dll"
					},
					{
						"checksum": "ef622773b61e385e7d5abc7a26b08b80b6dff832",
						"file": "C:\/Program Files\/dotnet\/packs\/Microsoft.NETCore.App.Ref\/8.0.7\/ref\/net8.0\/System.Threading.ThreadPool.dll"
					},
					{
						"checksum": "70f3b2dc2ebac4b220b6ba9838fd4b96016068cc",
						"file": "C:\/Program Files\/dotnet\/packs\/Microsoft.NETCore.App.Ref\/8.0.7\/ref\/net8.0\/System.Threading.Timer.dll"
					},
					{
						"checksum": "e855ecf2401c11135fccad5b2ba8034cc424a8eb",
						"file": "C:\/Program Files\/dotnet\/packs\/Microsoft.NETCore.App.Ref\/8.0.7\/ref\/net8.0\/System.Threading.dll"
					},
					{
						"checksum": "8d2b68275ce951a221f5abf2fe2892ad078c0f9d",
						"file": "C:\/Program Files\/dotnet\/packs\/Microsoft.NETCore.App.Ref\/8.0.7\/ref\/net8.0\/System.Transactions.Local.dll"
					},
					{
						"checksum": "7b2046677ac69c8933bb7ff78b8e802dc67c98d2",
						"file": "C:\/Program Files\/dotnet\/packs\/Microsoft.NETCore.App.Ref\/8.0.7\/ref\/net8.0\/System.Transactions.dll"
					},
					{
						"checksum": "7b11ab5c0a62d7170e3d5e93e4169225514af11c",
						"file": "C:\/Program Files\/dotnet\/packs\/Microsoft.NETCore.App.Ref\/8.0.7\/ref\/net8.0\/System.ValueTuple.dll"
					},
					{
						"checksum": "83cbf08f9f48ad7ab0694d3e26604b4117fd41dc",
						"file": "C:\/Program Files\/dotnet\/packs\/Microsoft.NETCore.App.Ref\/8.0.7\/ref\/net8.0\/System.Web.HttpUtility.dll"
					},
					{
						"checksum": "c9dc9f542c2760eca5ebfdcf5d9acbe4909df7b3",
						"file": "C:\/Program Files\/dotnet\/packs\/Microsoft.NETCore.App.Ref\/8.0.7\/ref\/net8.0\/System.Web.dll"
					},
					{
						"checksum": "cfa70a3b9f8399747e05404ff23acf5da0faa835",
						"file": "C:\/Program Files\/dotnet\/packs\/Microsoft.NETCore.App.Ref\/8.0.7\/ref\/net8.0\/System.Windows.dll"
					},
					{
						"checksum": "61664d7f60b76495e1020ca67c1d6a01ccd899ec",
						"file": "C:\/Program Files\/dotnet\/packs\/Microsoft.NETCore.App.Ref\/8.0.7\/ref\/net8.0\/System.Xml.Linq.dll"
					},
					{
						"checksum": "c996e601cf00f0997886ba400c019b814780156a",
						"file": "C:\/Program Files\/dotnet\/packs\/Microsoft.NETCore.App.Ref\/8.0.7\/ref\/net8.0\/System.Xml.ReaderWriter.dll"
					},
					{
						"checksum": "51832f3c4e2cc7166b3a8542f1fbd6c5279146c8",
						"file": "C:\/Program Files\/dotnet\/packs\/Microsoft.NETCore.App.Ref\/8.0.7\/ref\/net8.0\/System.Xml.Serialization.dll"
					},
					{
						"checksum": "75d75fda9bed1227ca5af498a9ba0095b0f219d8",
						"file": "C:\/Program Files\/dotnet\/packs\/Microsoft.NETCore.App.Ref\/8.0.7\/ref\/net8.0\/System.Xml.XDocument.dll"
					},
					{
						"checksum": "7117309188acd052cdc3d3e12a3bab8ff5bc0e8c",
						"file": "C:\/Program Files\/dotnet\/packs\/Microsoft.NETCore.App.Ref\/8.0.7\/ref\/net8.0\/System.Xml.XPath.XDocument.dll"
					},
					{
						"checksum": "ba69aa08a1472d7057eefc409784a409e12a1ce5",
						"file": "C:\/Program Files\/dotnet\/packs\/Microsoft.NETCore.App.Ref\/8.0.7\/ref\/net8.0\/System.Xml.XPath.dll"
					},
					{
						"checksum": "105e1df946a72c94ea15d628ebb740be75ed9176",
						"file": "C:\/Program Files\/dotnet\/packs\/Microsoft.NETCore.App.Ref\/8.0.7\/ref\/net8.0\/System.Xml.XmlDocument.dll"
					},
					{
						"checksum": "43b364a37e2eb50b06a36a71bc3348e32d5b1a41",
						"file": "C:\/Program Files\/dotnet\/packs\/Microsoft.NETCore.App.Ref\/8.0.7\/ref\/net8.0\/System.Xml.XmlSerializer.dll"
					},
					{
						"checksum": "f126e9e9a0ad63221c9f8ec2c6abe5250b5b14d0",
						"file": "C:\/Program Files\/dotnet\/packs\/Microsoft.NETCore.App.Ref\/8.0.7\/ref\/net8.0\/System.Xml.dll"
					},
					{
						"checksum": "eca80c3aecb59324282ba9847bfcf334dfa3fc15",
						"file": "C:\/Program Files\/dotnet\/packs\/Microsoft.NETCore.App.Ref\/8.0.7\/ref\/net8.0\/System.dll"
					},
					{
						"checksum": "528baf48665686b2e13b6e74662da613550cce03",
						"file": "C:\/Program Files\/dotnet\/packs\/Microsoft.NETCore.App.Ref\/8.0.7\/ref\/net8.0\/WindowsBase.dll"
					},
					{
						"checksum": "6347e1c486fe76be53293664ded4ac824d3da6fa",
						"file": "C:\/Program Files\/dotnet\/packs\/Microsoft.NETCore.App.Ref\/8.0.7\/ref\/net8.0\/mscorlib.dll"
					},
					{
						"checksum": "36e9bf3d122c8a322135f43183a47569f51645b4",
						"file": "C:\/Program Files\/dotnet\/packs\/Microsoft.NETCore.App.Ref\/8.0.7\/ref\/net8.0\/netstandard.dll"
					},
					{
						"checksum": "846ce4cd9086dcc5b13a7c7a4ab076ba171b775a",
						"file": "C:\/Users\/vinodmataprasad.pal.PROD\/AppData\/Local\/Temp\/ConsoleApp1\/ConsoleApp1.dll"
					},
					{
						"checksum": "ff476978e5e00463446866270634649a6ba48008",
						"file": "C:\/Users\/vinodmataprasad.pal.PROD\/AppData\/Local\/Temp\/DotnetFrameworkWebApp\/bin\/Antlr3.Runtime.dll"
					},
					{
						"checksum": "c0e1de8ae10bd261943e024e33cc93bd41aee31e",
						"file": "C:\/Users\/vinodmataprasad.pal.PROD\/AppData\/Local\/Temp\/DotnetFrameworkWebApp\/bin\/App_Web_eyolxdjz.dll"
					},
					{
						"checksum": "839250bdff6120ceb0c164cd99dc2e9e3af2fa68",
						"file": "C:\/Users\/vinodmataprasad.pal.PROD\/AppData\/Local\/Temp\/DotnetFrameworkWebApp\/bin\/App_Web_mhe1rib2.dll"
					},
					{
						"checksum": "a39b4ebb42f55ede6c61d98a2c2b9c29eabf6d55",
						"file": "C:\/Users\/vinodmataprasad.pal.PROD\/AppData\/Local\/Temp\/DotnetFrameworkWebApp\/bin\/App_Web_uet1uovr.dll"
					},
					{
						"checksum": "e109a9eb5c242186e93eef2a10e929a1afa63fb4",
						"file": "C:\/Users\/vinodmataprasad.pal.PROD\/AppData\/Local\/Temp\/DotnetFrameworkWebApp\/bin\/App_global.asax.dll"
					},
					{
						"checksum": "08e6f45acbffd9cc42df4dce18a8ac389cf5aae9",
						"file": "C:\/Users\/vinodmataprasad.pal.PROD\/AppData\/Local\/Temp\/DotnetFrameworkWebApp\/bin\/DotnetFrameworkWebApp.dll"
					},
					{
						"checksum": "2992552617779438c1cfd15ee00765548cde653b",
						"file": "C:\/Users\/vinodmataprasad.pal.PROD\/AppData\/Local\/Temp\/DotnetFrameworkWebApp\/bin\/Microsoft.Web.Infrastructure.dll"
					},
					{
						"checksum": "1e76e6099570ede620b76ed47cf8d03a936d49f8",
						"file": "C:\/Users\/vinodmataprasad.pal.PROD\/AppData\/Local\/Temp\/DotnetFrameworkWebApp\/bin\/Newtonsoft.Json.dll"
					},
					{
						"checksum": "4eab11e742711f95aeab2ebab97093c6ac36115f",
						"file": "C:\/Users\/vinodmataprasad.pal.PROD\/AppData\/Local\/Temp\/DotnetFrameworkWebApp\/bin\/System.Web.Mvc.dll"
					},
					{
						"checksum": "72a420f9026890fc6c7f6f3a8050fd4dcf7e2d4d",
						"file": "C:\/Users\/vinodmataprasad.pal.PROD\/AppData\/Local\/Temp\/DotnetFrameworkWebApp\/bin\/System.Web.Optimization.dll"
					},
					{
						"checksum": "53d9b8c829d2f7d3dd6665c365007c12ddddea07",
						"file": "C:\/Users\/vinodmataprasad.pal.PROD\/AppData\/Local\/Temp\/DotnetFrameworkWebApp\/bin\/System.Web.Razor.dll"
					},
					{
						"checksum": "94658dbf17081820da7b82932916bac86c7c2696",
						"file": "C:\/Users\/vinodmataprasad.pal.PROD\/AppData\/Local\/Temp\/DotnetFrameworkWebApp\/bin\/System.Web.WebPages.Deployment.dll"
					},
					{
						"checksum": "80f84ed08c9f11a79874746feed1f56e1d11ae3d",
						"file": "C:\/Users\/vinodmataprasad.pal.PROD\/AppData\/Local\/Temp\/DotnetFrameworkWebApp\/bin\/System.Web.WebPages.Razor.dll"
					},
					{
						"checksum": "148558f7322dfe35ef5a37012dade7e8f86ff4d2",
						"file": "C:\/Users\/vinodmataprasad.pal.PROD\/AppData\/Local\/Temp\/DotnetFrameworkWebApp\/bin\/System.Web.WebPages.dll"
					},
					{
						"checksum": "9ee60091bf6e1cc009cc289ce8e0b8c6c602b963",
						"file": "C:\/Users\/vinodmataprasad.pal.PROD\/AppData\/Local\/Temp\/DotnetFrameworkWebApp\/bin\/WebGrease.dll"
					},
					{
						"checksum": "3ef5907b9e472aa9031eed5fe711cd630dd2fd9f",
						"file": "C:\/Users\/vinodmataprasad.pal.PROD\/AppData\/Local\/Temp\/DotnetFrameworkWebApp\/bin\/roslyn\/Microsoft.Build.Tasks.CodeAnalysis.dll"
					},
					{
						"checksum": "e7efaa46615304cddd19c191b624c8cd57dc790b",
						"file": "C:\/Users\/vinodmataprasad.pal.PROD\/AppData\/Local\/Temp\/DotnetFrameworkWebApp\/bin\/roslyn\/Microsoft.CodeAnalysis.CSharp.Scripting.dll"
					},
					{
						"checksum": "c87e085bdc36759e3797c1e213146d31701b8026",
						"file": "C:\/Users\/vinodmataprasad.pal.PROD\/AppData\/Local\/Temp\/DotnetFrameworkWebApp\/bin\/roslyn\/Microsoft.CodeAnalysis.CSharp.dll"
					},
					{
						"checksum": "e86efce98b5b7f17c3e39f79c62c9607f54c5840",
						"file": "C:\/Users\/vinodmataprasad.pal.PROD\/AppData\/Local\/Temp\/DotnetFrameworkWebApp\/bin\/roslyn\/Microsoft.CodeAnalysis.Scripting.dll"
					},
					{
						"checksum": "ad8f1b91b16d72674babc60f274ad73e40846942",
						"file": "C:\/Users\/vinodmataprasad.pal.PROD\/AppData\/Local\/Temp\/DotnetFrameworkWebApp\/bin\/roslyn\/Microsoft.CodeAnalysis.VisualBasic.dll"
					},
					{
						"checksum": "05654a9be5016d31020b0c5e826f121df1d7e9d0",
						"file": "C:\/Users\/vinodmataprasad.pal.PROD\/AppData\/Local\/Temp\/DotnetFrameworkWebApp\/bin\/roslyn\/Microsoft.CodeAnalysis.dll"
					},
					{
						"checksum": "afa308c0166d8cbdd1d5e6fdaa8c9b87eb9184e7",
						"file": "C:\/Users\/vinodmataprasad.pal.PROD\/AppData\/Local\/Temp\/DotnetFrameworkWebApp\/bin\/roslyn\/Microsoft.Win32.Primitives.dll"
					},
					{
						"checksum": "c9a0c7200ad55960a1e1824b04718cbf6ca84581",
						"file": "C:\/Users\/vinodmataprasad.pal.PROD\/AppData\/Local\/Temp\/DotnetFrameworkWebApp\/bin\/roslyn\/System.AppContext.dll"
					},
					{
						"checksum": "bc9b160dbf908e7a1e198b132529ba53b2136c45",
						"file": "C:\/Users\/vinodmataprasad.pal.PROD\/AppData\/Local\/Temp\/DotnetFrameworkWebApp\/bin\/roslyn\/System.Collections.Immutable.dll"
					},
					{
						"checksum": "b5102629939ebdd4bcd0f407a92828dee5f2b565",
						"file": "C:\/Users\/vinodmataprasad.pal.PROD\/AppData\/Local\/Temp\/DotnetFrameworkWebApp\/bin\/roslyn\/System.Console.dll"
					},
					{
						"checksum": "85dc92edd4b0049ed9049e075c4def8a3d64e43b",
						"file": "C:\/Users\/vinodmataprasad.pal.PROD\/AppData\/Local\/Temp\/DotnetFrameworkWebApp\/bin\/roslyn\/System.Diagnostics.DiagnosticSource.dll"
					},
					{
						"checksum": "0b84b6bd0619fe17ba3627cbc6a5620a61a8796d",
						"file": "C:\/Users\/vinodmataprasad.pal.PROD\/AppData\/Local\/Temp\/DotnetFrameworkWebApp\/bin\/roslyn\/System.Diagnostics.FileVersionInfo.dll"
					},
					{
						"checksum": "30ae8c8e57bcabe27ba675fa84d4da6af3c10ead",
						"file": "C:\/Users\/vinodmataprasad.pal.PROD\/AppData\/Local\/Temp\/DotnetFrameworkWebApp\/bin\/roslyn\/System.Globalization.Calendars.dll"
					},
					{
						"checksum": "99d6c187de8510206a93d2eed9c65e65e0c86e72",
						"file": "C:\/Users\/vinodmataprasad.pal.PROD\/AppData\/Local\/Temp\/DotnetFrameworkWebApp\/bin\/roslyn\/System.IO.Compression.ZipFile.dll"
					},
					{
						"checksum": "629ce95c12b21678d877359ec4552d431c1cfbab",
						"file": "C:\/Users\/vinodmataprasad.pal.PROD\/AppData\/Local\/Temp\/DotnetFrameworkWebApp\/bin\/roslyn\/System.IO.Compression.dll"
					},
					{
						"checksum": "8374975ca07a300021ef0acaa4f908d5bfb102fb",
						"file": "C:\/Users\/vinodmataprasad.pal.PROD\/AppData\/Local\/Temp\/DotnetFrameworkWebApp\/bin\/roslyn\/System.IO.FileSystem.Primitives.dll"
					},
					{
						"checksum": "b46ad93384323ed4aa88e8af3cdee208a88f1f6d",
						"file": "C:\/Users\/vinodmataprasad.pal.PROD\/AppData\/Local\/Temp\/DotnetFrameworkWebApp\/bin\/roslyn\/System.IO.FileSystem.dll"
					},
					{
						"checksum": "6d344a09471d8b4b849f16b0eebbaff8688a17ce",
						"file": "C:\/Users\/vinodmataprasad.pal.PROD\/AppData\/Local\/Temp\/DotnetFrameworkWebApp\/bin\/roslyn\/System.Net.Http.dll"
					},
					{
						"checksum": "00278d53e59026cd8c22889773466fef27d52bbf",
						"file": "C:\/Users\/vinodmataprasad.pal.PROD\/AppData\/Local\/Temp\/DotnetFrameworkWebApp\/bin\/roslyn\/System.Net.Sockets.dll"
					},
					{
						"checksum": "f1d3c419f0a397caee78eaba5f9756c86d7f0145",
						"file": "C:\/Users\/vinodmataprasad.pal.PROD\/AppData\/Local\/Temp\/DotnetFrameworkWebApp\/bin\/roslyn\/System.Reflection.Metadata.dll"
					},
					{
						"checksum": "4e490d7ec139a6cde53e3932d3122a48aa379904",
						"file": "C:\/Users\/vinodmataprasad.pal.PROD\/AppData\/Local\/Temp\/DotnetFrameworkWebApp\/bin\/roslyn\/System.Runtime.InteropServices.RuntimeInformation.dll"
					},
					{
						"checksum": "3c25b3faaa68cb0e291b537a4991cf413eadb6cf",
						"file": "C:\/Users\/vinodmataprasad.pal.PROD\/AppData\/Local\/Temp\/DotnetFrameworkWebApp\/bin\/roslyn\/System.Security.Cryptography.Algorithms.dll"
					},
					{
						"checksum": "a0f2c03cb813317460133de80231d7b1fb62dcc5",
						"file": "C:\/Users\/vinodmataprasad.pal.PROD\/AppData\/Local\/Temp\/DotnetFrameworkWebApp\/bin\/roslyn\/System.Security.Cryptography.Encoding.dll"
					},
					{
						"checksum": "62a622557cc0d6fced9c1a14be28dbc39e9bd6fc",
						"file": "C:\/Users\/vinodmataprasad.pal.PROD\/AppData\/Local\/Temp\/DotnetFrameworkWebApp\/bin\/roslyn\/System.Security.Cryptography.Primitives.dll"
					},
					{
						"checksum": "e9911b3c59f15474391811e17940faa6a6c217ce",
						"file": "C:\/Users\/vinodmataprasad.pal.PROD\/AppData\/Local\/Temp\/DotnetFrameworkWebApp\/bin\/roslyn\/System.Security.Cryptography.X509Certificates.dll"
					},
					{
						"checksum": "48a7a46827ed0f797b36baec8f57fb98de541524",
						"file": "C:\/Users\/vinodmataprasad.pal.PROD\/AppData\/Local\/Temp\/DotnetFrameworkWebApp\/bin\/roslyn\/System.Text.Encoding.CodePages.dll"
					},
					{
						"checksum": "9c75559fadd5062664cb04ec20dba37ffefd2e4e",
						"file": "C:\/Users\/vinodmataprasad.pal.PROD\/AppData\/Local\/Temp\/DotnetFrameworkWebApp\/bin\/roslyn\/System.Threading.Tasks.Extensions.dll"
					},
					{
						"checksum": "9cb13b73e79b0b5300176edb4dc30f12023b9725",
						"file": "C:\/Users\/vinodmataprasad.pal.PROD\/AppData\/Local\/Temp\/DotnetFrameworkWebApp\/bin\/roslyn\/System.ValueTuple.dll"
					},
					{
						"checksum": "765c9e4d36b4f2986514c1ab24b5e5e56afff448",
						"file": "C:\/Users\/vinodmataprasad.pal.PROD\/AppData\/Local\/Temp\/DotnetFrameworkWebApp\/bin\/roslyn\/System.Xml.ReaderWriter.dll"
					},
					{
						"checksum": "129ab0a646a4899b3fd2525f37b11048c4075e73",
						"file": "C:\/Users\/vinodmataprasad.pal.PROD\/AppData\/Local\/Temp\/DotnetFrameworkWebApp\/bin\/roslyn\/System.Xml.XPath.XDocument.dll"
					},
					{
						"checksum": "2b6a273ac7a6c072c1c338f6d447ec7c8dbc92e6",
						"file": "C:\/Users\/vinodmataprasad.pal.PROD\/AppData\/Local\/Temp\/DotnetFrameworkWebApp\/bin\/roslyn\/System.Xml.XPath.dll"
					},
					{
						"checksum": "e4bfbd7f5db31ea919537d0510cf8b224e4e97b5",
						"file": "C:\/Users\/vinodmataprasad.pal.PROD\/AppData\/Local\/Temp\/DotnetFrameworkWebApp\/bin\/roslyn\/System.Xml.XmlDocument.dll"
					},
					{
						"checksum": "0590a3764d36982fdaec8685cd8159028d77a543",
						"file": "C:\/Users\/vinodmataprasad.pal.PROD\/AppData\/Local\/Temp\/DotnetFrameworkWebApp\/bin\/roslyn\/VBCSCompiler.exe"
					},
					{
						"checksum": "c53a6bd11a1cb724fc8526e3dc42028262349aeb",
						"file": "C:\/Users\/vinodmataprasad.pal.PROD\/AppData\/Local\/Temp\/DotnetFrameworkWebApp\/bin\/roslyn\/csc.exe"
					},
					{
						"checksum": "5ee444b16c6b81ca56af3554f741a58deb42cd36",
						"file": "C:\/Users\/vinodmataprasad.pal.PROD\/AppData\/Local\/Temp\/DotnetFrameworkWebApp\/bin\/roslyn\/vbc.exe"
					},
					{
						"checksum": "ff476978e5e00463446866270634649a6ba48008",
						"file": "C:\/projects\/WebApplication1\/ConsoleApp1\/packages\/Antlr.3.5.0.2\/lib\/Antlr3.Runtime.dll"
					},
					{
						"checksum": "4eab11e742711f95aeab2ebab97093c6ac36115f",
						"file": "C:\/projects\/WebApplication1\/ConsoleApp1\/packages\/Microsoft.AspNet.Mvc.5.2.9\/lib\/net45\/System.Web.Mvc.dll"
					},
					{
						"checksum": "53d9b8c829d2f7d3dd6665c365007c12ddddea07",
						"file": "C:\/projects\/WebApplication1\/ConsoleApp1\/packages\/Microsoft.AspNet.Razor.3.2.9\/lib\/net45\/System.Web.Razor.dll"
					},
					{
						"checksum": "72a420f9026890fc6c7f6f3a8050fd4dcf7e2d4d",
						"file": "C:\/projects\/WebApplication1\/ConsoleApp1\/packages\/Microsoft.AspNet.Web.Optimization.1.1.3\/lib\/net40\/System.Web.Optimization.dll"
					},
					{
						"checksum": "c4221473ab4ff08ca78e44e00acaf9d9e9e6ffb2",
						"file": "C:\/projects\/WebApplication1\/ConsoleApp1\/packages\/Microsoft.AspNet.WebPages.3.2.9\/lib\/net45\/System.Web.Helpers.dll"
					},
					{
						"checksum": "94658dbf17081820da7b82932916bac86c7c2696",
						"file": "C:\/projects\/WebApplication1\/ConsoleApp1\/packages\/Microsoft.AspNet.WebPages.3.2.9\/lib\/net45\/System.Web.WebPages.Deployment.dll"
					},
					{
						"checksum": "80f84ed08c9f11a79874746feed1f56e1d11ae3d",
						"file": "C:\/projects\/WebApplication1\/ConsoleApp1\/packages\/Microsoft.AspNet.WebPages.3.2.9\/lib\/net45\/System.Web.WebPages.Razor.dll"
					},
					{
						"checksum": "148558f7322dfe35ef5a37012dade7e8f86ff4d2",
						"file": "C:\/projects\/WebApplication1\/ConsoleApp1\/packages\/Microsoft.AspNet.WebPages.3.2.9\/lib\/net45\/System.Web.WebPages.dll"
					},
					{
						"checksum": "d4a3aaf9c49af16670cd5f19da3856a8122246f0",
						"file": "C:\/projects\/WebApplication1\/ConsoleApp1\/packages\/Microsoft.CodeDom.Providers.DotNetCompilerPlatform.2.0.1\/lib\/net45\/Microsoft.CodeDom.Providers.DotNetCompilerPlatform.dll"
					},
					{
						"checksum": "2992552617779438c1cfd15ee00765548cde653b",
						"file": "C:\/projects\/WebApplication1\/ConsoleApp1\/packages\/Microsoft.Web.Infrastructure.2.0.0\/lib\/net40\/Microsoft.Web.Infrastructure.dll"
					},
					{
						"checksum": "1e76e6099570ede620b76ed47cf8d03a936d49f8",
						"file": "C:\/projects\/WebApplication1\/ConsoleApp1\/packages\/Newtonsoft.Json.13.0.3\/lib\/net45\/Newtonsoft.Json.dll"
					},
					{
						"checksum": "9ee60091bf6e1cc009cc289ce8e0b8c6c602b963",
						"file": "C:\/projects\/WebApplication1\/ConsoleApp1\/packages\/WebGrease.1.6.0\/lib\/WebGrease.dll"
					},
					{
						"checksum": "d4a3aaf9c49af16670cd5f19da3856a8122246f0",
						"file": "Microsoft.CodeDom.Providers.DotNetCompilerPlatform.dll"
					},
					{
						"checksum": "36ed049328fe585f2053a7e20be4b98a3c3a1f24",
						"file": "Microsoft.DiaSymReader.Native.amd64.dll"
					},
					{
						"checksum": "c6f3c9d81713687dc3820d8cabf14c2a32208d27",
						"file": "Microsoft.DiaSymReader.Native.x86.dll"
					},
					{
						"checksum": "bdc82f012ee82169cc605778d9ec87913c366b06",
						"file": "System.Diagnostics.StackTrace.dll"
					},
					{
						"checksum": "c4221473ab4ff08ca78e44e00acaf9d9e9e6ffb2",
						"file": "System.Web.Helpers.dll"
					},
					{
						"checksum": "9206f476f02ecf32348330190e466aa3fefe6145",
						"file": "csi.exe"
					}
				],
				"name": "Open Source"
			},
			{
				"files_to_analyze": [
					{
						"checksum": "846ce4cd9086dcc5b13a7c7a4ab076ba171b775a",
						"file": "C:\/Users\/vinodmataprasad.pal.PROD\/AppData\/Local\/Temp\/ConsoleApp1\/ConsoleApp1.dll"
					},
					{
						"checksum": "c0e1de8ae10bd261943e024e33cc93bd41aee31e",
						"file": "C:\/Users\/vinodmataprasad.pal.PROD\/AppData\/Local\/Temp\/DotnetFrameworkWebApp\/bin\/App_Web_eyolxdjz.dll"
					},
					{
						"checksum": "839250bdff6120ceb0c164cd99dc2e9e3af2fa68",
						"file": "C:\/Users\/vinodmataprasad.pal.PROD\/AppData\/Local\/Temp\/DotnetFrameworkWebApp\/bin\/App_Web_mhe1rib2.dll"
					},
					{
						"checksum": "a39b4ebb42f55ede6c61d98a2c2b9c29eabf6d55",
						"file": "C:\/Users\/vinodmataprasad.pal.PROD\/AppData\/Local\/Temp\/DotnetFrameworkWebApp\/bin\/App_Web_uet1uovr.dll"
					},
					{
						"checksum": "e109a9eb5c242186e93eef2a10e929a1afa63fb4",
						"file": "C:\/Users\/vinodmataprasad.pal.PROD\/AppData\/Local\/Temp\/DotnetFrameworkWebApp\/bin\/App_global.asax.dll"
					},
					{
						"checksum": "9ee60091bf6e1cc009cc289ce8e0b8c6c602b963",
						"file": "C:\/Users\/vinodmataprasad.pal.PROD\/AppData\/Local\/Temp\/DotnetFrameworkWebApp\/bin\/WebGrease.dll"
					},
					{
						"checksum": "3ef5907b9e472aa9031eed5fe711cd630dd2fd9f",
						"file": "C:\/Users\/vinodmataprasad.pal.PROD\/AppData\/Local\/Temp\/DotnetFrameworkWebApp\/bin\/roslyn\/Microsoft.Build.Tasks.CodeAnalysis.dll"
					},
					{
						"checksum": "e7efaa46615304cddd19c191b624c8cd57dc790b",
						"file": "C:\/Users\/vinodmataprasad.pal.PROD\/AppData\/Local\/Temp\/DotnetFrameworkWebApp\/bin\/roslyn\/Microsoft.CodeAnalysis.CSharp.Scripting.dll"
					},
					{
						"checksum": "e86efce98b5b7f17c3e39f79c62c9607f54c5840",
						"file": "C:\/Users\/vinodmataprasad.pal.PROD\/AppData\/Local\/Temp\/DotnetFrameworkWebApp\/bin\/roslyn\/Microsoft.CodeAnalysis.Scripting.dll"
					},
					{
						"checksum": "afa308c0166d8cbdd1d5e6fdaa8c9b87eb9184e7",
						"file": "C:\/Users\/vinodmataprasad.pal.PROD\/AppData\/Local\/Temp\/DotnetFrameworkWebApp\/bin\/roslyn\/Microsoft.Win32.Primitives.dll"
					},
					{
						"checksum": "c9a0c7200ad55960a1e1824b04718cbf6ca84581",
						"file": "C:\/Users\/vinodmataprasad.pal.PROD\/AppData\/Local\/Temp\/DotnetFrameworkWebApp\/bin\/roslyn\/System.AppContext.dll"
					},
					{
						"checksum": "b5102629939ebdd4bcd0f407a92828dee5f2b565",
						"file": "C:\/Users\/vinodmataprasad.pal.PROD\/AppData\/Local\/Temp\/DotnetFrameworkWebApp\/bin\/roslyn\/System.Console.dll"
					},
					{
						"checksum": "85dc92edd4b0049ed9049e075c4def8a3d64e43b",
						"file": "C:\/Users\/vinodmataprasad.pal.PROD\/AppData\/Local\/Temp\/DotnetFrameworkWebApp\/bin\/roslyn\/System.Diagnostics.DiagnosticSource.dll"
					},
					{
						"checksum": "0b84b6bd0619fe17ba3627cbc6a5620a61a8796d",
						"file": "C:\/Users\/vinodmataprasad.pal.PROD\/AppData\/Local\/Temp\/DotnetFrameworkWebApp\/bin\/roslyn\/System.Diagnostics.FileVersionInfo.dll"
					},
					{
						"checksum": "30ae8c8e57bcabe27ba675fa84d4da6af3c10ead",
						"file": "C:\/Users\/vinodmataprasad.pal.PROD\/AppData\/Local\/Temp\/DotnetFrameworkWebApp\/bin\/roslyn\/System.Globalization.Calendars.dll"
					},
					{
						"checksum": "99d6c187de8510206a93d2eed9c65e65e0c86e72",
						"file": "C:\/Users\/vinodmataprasad.pal.PROD\/AppData\/Local\/Temp\/DotnetFrameworkWebApp\/bin\/roslyn\/System.IO.Compression.ZipFile.dll"
					},
					{
						"checksum": "629ce95c12b21678d877359ec4552d431c1cfbab",
						"file": "C:\/Users\/vinodmataprasad.pal.PROD\/AppData\/Local\/Temp\/DotnetFrameworkWebApp\/bin\/roslyn\/System.IO.Compression.dll"
					},
					{
						"checksum": "8374975ca07a300021ef0acaa4f908d5bfb102fb",
						"file": "C:\/Users\/vinodmataprasad.pal.PROD\/AppData\/Local\/Temp\/DotnetFrameworkWebApp\/bin\/roslyn\/System.IO.FileSystem.Primitives.dll"
					},
					{
						"checksum": "b46ad93384323ed4aa88e8af3cdee208a88f1f6d",
						"file": "C:\/Users\/vinodmataprasad.pal.PROD\/AppData\/Local\/Temp\/DotnetFrameworkWebApp\/bin\/roslyn\/System.IO.FileSystem.dll"
					},
					{
						"checksum": "6d344a09471d8b4b849f16b0eebbaff8688a17ce",
						"file": "C:\/Users\/vinodmataprasad.pal.PROD\/AppData\/Local\/Temp\/DotnetFrameworkWebApp\/bin\/roslyn\/System.Net.Http.dll"
					},
					{
						"checksum": "00278d53e59026cd8c22889773466fef27d52bbf",
						"file": "C:\/Users\/vinodmataprasad.pal.PROD\/AppData\/Local\/Temp\/DotnetFrameworkWebApp\/bin\/roslyn\/System.Net.Sockets.dll"
					},
					{
						"checksum": "f1d3c419f0a397caee78eaba5f9756c86d7f0145",
						"file": "C:\/Users\/vinodmataprasad.pal.PROD\/AppData\/Local\/Temp\/DotnetFrameworkWebApp\/bin\/roslyn\/System.Reflection.Metadata.dll"
					},
					{
						"checksum": "4e490d7ec139a6cde53e3932d3122a48aa379904",
						"file": "C:\/Users\/vinodmataprasad.pal.PROD\/AppData\/Local\/Temp\/DotnetFrameworkWebApp\/bin\/roslyn\/System.Runtime.InteropServices.RuntimeInformation.dll"
					},
					{
						"checksum": "3c25b3faaa68cb0e291b537a4991cf413eadb6cf",
						"file": "C:\/Users\/vinodmataprasad.pal.PROD\/AppData\/Local\/Temp\/DotnetFrameworkWebApp\/bin\/roslyn\/System.Security.Cryptography.Algorithms.dll"
					},
					{
						"checksum": "a0f2c03cb813317460133de80231d7b1fb62dcc5",
						"file": "C:\/Users\/vinodmataprasad.pal.PROD\/AppData\/Local\/Temp\/DotnetFrameworkWebApp\/bin\/roslyn\/System.Security.Cryptography.Encoding.dll"
					},
					{
						"checksum": "62a622557cc0d6fced9c1a14be28dbc39e9bd6fc",
						"file": "C:\/Users\/vinodmataprasad.pal.PROD\/AppData\/Local\/Temp\/DotnetFrameworkWebApp\/bin\/roslyn\/System.Security.Cryptography.Primitives.dll"
					},
					{
						"checksum": "e9911b3c59f15474391811e17940faa6a6c217ce",
						"file": "C:\/Users\/vinodmataprasad.pal.PROD\/AppData\/Local\/Temp\/DotnetFrameworkWebApp\/bin\/roslyn\/System.Security.Cryptography.X509Certificates.dll"
					},
					{
						"checksum": "48a7a46827ed0f797b36baec8f57fb98de541524",
						"file": "C:\/Users\/vinodmataprasad.pal.PROD\/AppData\/Local\/Temp\/DotnetFrameworkWebApp\/bin\/roslyn\/System.Text.Encoding.CodePages.dll"
					},
					{
						"checksum": "9cb13b73e79b0b5300176edb4dc30f12023b9725",
						"file": "C:\/Users\/vinodmataprasad.pal.PROD\/AppData\/Local\/Temp\/DotnetFrameworkWebApp\/bin\/roslyn\/System.ValueTuple.dll"
					},
					{
						"checksum": "765c9e4d36b4f2986514c1ab24b5e5e56afff448",
						"file": "C:\/Users\/vinodmataprasad.pal.PROD\/AppData\/Local\/Temp\/DotnetFrameworkWebApp\/bin\/roslyn\/System.Xml.ReaderWriter.dll"
					},
					{
						"checksum": "129ab0a646a4899b3fd2525f37b11048c4075e73",
						"file": "C:\/Users\/vinodmataprasad.pal.PROD\/AppData\/Local\/Temp\/DotnetFrameworkWebApp\/bin\/roslyn\/System.Xml.XPath.XDocument.dll"
					},
					{
						"checksum": "2b6a273ac7a6c072c1c338f6d447ec7c8dbc92e6",
						"file": "C:\/Users\/vinodmataprasad.pal.PROD\/AppData\/Local\/Temp\/DotnetFrameworkWebApp\/bin\/roslyn\/System.Xml.XPath.dll"
					},
					{
						"checksum": "e4bfbd7f5db31ea919537d0510cf8b224e4e97b5",
						"file": "C:\/Users\/vinodmataprasad.pal.PROD\/AppData\/Local\/Temp\/DotnetFrameworkWebApp\/bin\/roslyn\/System.Xml.XmlDocument.dll"
					},
					{
						"checksum": "0590a3764d36982fdaec8685cd8159028d77a543",
						"file": "C:\/Users\/vinodmataprasad.pal.PROD\/AppData\/Local\/Temp\/DotnetFrameworkWebApp\/bin\/roslyn\/VBCSCompiler.exe"
					},
					{
						"checksum": "c53a6bd11a1cb724fc8526e3dc42028262349aeb",
						"file": "C:\/Users\/vinodmataprasad.pal.PROD\/AppData\/Local\/Temp\/DotnetFrameworkWebApp\/bin\/roslyn\/csc.exe"
					},
					{
						"checksum": "5ee444b16c6b81ca56af3554f741a58deb42cd36",
						"file": "C:\/Users\/vinodmataprasad.pal.PROD\/AppData\/Local\/Temp\/DotnetFrameworkWebApp\/bin\/roslyn\/vbc.exe"
					}
				],
				"name": "DotNet"
			}
		]
	}
}