{
	"languages": {
		"count": 2,
		"language": [
			{
				"files_to_analyze": [
					{
						"checksum": "c1008583a10053c8eea8c3389cb45caead28a0e7",
						"file": "C:\/Program Files (x86)\/Reference Assemblies\/Microsoft\/Framework\/.NETFramework\/v4.7.2\/Microsoft.CSharp.dll"
					},
					{
						"checksum": "7c0bbd3e73b9070790ea4fbc68c53cf68e4d8374",
						"file": "C:\/Program Files (x86)\/Reference Assemblies\/Microsoft\/Framework\/.NETFramework\/v4.7.2\/System.ComponentModel.DataAnnotations.dll"
					},
					{
						"checksum": "697630c3d45c76d7933221d490739683f5c4bbe9",
						"file": "C:\/Program Files (x86)\/Reference Assemblies\/Microsoft\/Framework\/.NETFramework\/v4.7.2\/System.Configuration.dll"
					},
					{
						"checksum": "ca068c2c11f1f840513284cd5f41846266302464",
						"file": "C:\/Program Files (x86)\/Reference Assemblies\/Microsoft\/Framework\/.NETFramework\/v4.7.2\/System.Core.dll"
					},
					{
						"checksum": "568450e14bfcd3cc3c18606871dd6caadea5fe5a",
						"file": "C:\/Program Files (x86)\/Reference Assemblies\/Microsoft\/Framework\/.NETFramework\/v4.7.2\/System.Data.DataSetExtensions.dll"
					},
					{
						"checksum": "9c3d5b2e916e9e5330439f07cc717181cde63dda",
						"file": "C:\/Program Files (x86)\/Reference Assemblies\/Microsoft\/Framework\/.NETFramework\/v4.7.2\/System.Data.dll"
					},
					{
						"checksum": "409a3d13d458e52336a9a1a2eee4326eb0ead986",
						"file": "C:\/Program Files (x86)\/Reference Assemblies\/Microsoft\/Framework\/.NETFramework\/v4.7.2\/System.Drawing.dll"
					},
					{
						"checksum": "431ccbd5b9c2df567642f55b502ef6576f3e40eb",
						"file": "C:\/Program Files (x86)\/Reference Assemblies\/Microsoft\/Framework\/.NETFramework\/v4.7.2\/System.EnterpriseServices.dll"
					},
					{
						"checksum": "74e3b906eb7fa348aa8be78cb94e5d36d34bbc84",
						"file": "C:\/Program Files (x86)\/Reference Assemblies\/Microsoft\/Framework\/.NETFramework\/v4.7.2\/System.Net.Http.WebRequest.dll"
					},
					{
						"checksum": "859c5f82a2fc22a6bcfbee92b841761a1b5b08b2",
						"file": "C:\/Program Files (x86)\/Reference Assemblies\/Microsoft\/Framework\/.NETFramework\/v4.7.2\/System.Net.Http.dll"
					},
					{
						"checksum": "a4619ea026419bb1f413ea19b1231279e0129679",
						"file": "C:\/Program Files (x86)\/Reference Assemblies\/Microsoft\/Framework\/.NETFramework\/v4.7.2\/System.Web.Abstractions.dll"
					},
					{
						"checksum": "ada1bab97f818d21d79877ba6574f4185a679d27",
						"file": "C:\/Program Files (x86)\/Reference Assemblies\/Microsoft\/Framework\/.NETFramework\/v4.7.2\/System.Web.ApplicationServices.dll"
					},
					{
						"checksum": "c3825ad81afac6959dd02fb82d133b1bd883792f",
						"file": "C:\/Program Files (x86)\/Reference Assemblies\/Microsoft\/Framework\/.NETFramework\/v4.7.2\/System.Web.DynamicData.dll"
					},
					{
						"checksum": "93ced12245ff5611354e3b49a03872480963a331",
						"file": "C:\/Program Files (x86)\/Reference Assemblies\/Microsoft\/Framework\/.NETFramework\/v4.7.2\/System.Web.Entity.dll"
					},
					{
						"checksum": "d8c91e30fbfa3ffc37297fea09392e6cbbebb3d9",
						"file": "C:\/Program Files (x86)\/Reference Assemblies\/Microsoft\/Framework\/.NETFramework\/v4.7.2\/System.Web.Extensions.dll"
					},
					{
						"checksum": "8246f0411aabaa6ae95926868d274065123936ff",
						"file": "C:\/Program Files (x86)\/Reference Assemblies\/Microsoft\/Framework\/.NETFramework\/v4.7.2\/System.Web.Routing.dll"
					},
					{
						"checksum": "03a3c548b4e1a3ccbf19363a5e02441a8221be31",
						"file": "C:\/Program Files (x86)\/Reference Assemblies\/Microsoft\/Framework\/.NETFramework\/v4.7.2\/System.Web.Services.dll"
					},
					{
						"checksum": "7e78060bb7b9bd4ba766449f86fad6bdcfce2826",
						"file": "C:\/Program Files (x86)\/Reference Assemblies\/Microsoft\/Framework\/.NETFramework\/v4.7.2\/System.Web.dll"
					},
					{
						"checksum": "b5ad96daacf546e264d19b430111816cb55d2f55",
						"file": "C:\/Program Files (x86)\/Reference Assemblies\/Microsoft\/Framework\/.NETFramework\/v4.7.2\/System.Xml.Linq.dll"
					},
					{
						"checksum": "4ec5a5369502733919b08bbd428a8b4427630688",
						"file": "C:\/Program Files (x86)\/Reference Assemblies\/Microsoft\/Framework\/.NETFramework\/v4.7.2\/System.Xml.dll"
					},
					{
						"checksum": "f363829dc6bead421d88962c3944e8c041d5c5fd",
						"file": "C:\/Program Files (x86)\/Reference Assemblies\/Microsoft\/Framework\/.NETFramework\/v4.7.2\/System.dll"
					},
					{
						"checksum": "4e7be17ac0430819db3fb299aed9e468b9c51ac9",
						"file": "C:\/Program Files (x86)\/Reference Assemblies\/Microsoft\/Framework\/.NETFramework\/v4.7.2\/mscorlib.dll"
					},
					{
						"checksum": "ff476978e5e00463446866270634649a6ba48008",
						"file": "C:\/Users\/vinodmataprasad.pal.PROD\/AppData\/Local\/Temp\/DotnetFrameworkWebApp\/bin\/Antlr3.Runtime.dll"
					},
					{
						"checksum": "b3ce3c5d4c7c25f0686b0557314c74b070011721",
						"file": "C:\/Users\/vinodmataprasad.pal.PROD\/AppData\/Local\/Temp\/DotnetFrameworkWebApp\/bin\/App_Web_gn5ar32a.dll"
					},
					{
						"checksum": "7ccc1cbdb65316ff21fa2f8fe3f61688bdcf82f4",
						"file": "C:\/Users\/vinodmataprasad.pal.PROD\/AppData\/Local\/Temp\/DotnetFrameworkWebApp\/bin\/App_Web_hf3xazmj.dll"
					},
					{
						"checksum": "5a9336aab471c5f76fe91ce3f9a556cfeca4299c",
						"file": "C:\/Users\/vinodmataprasad.pal.PROD\/AppData\/Local\/Temp\/DotnetFrameworkWebApp\/bin\/App_Web_ndn2xrys.dll"
					},
					{
						"checksum": "2fd299822ea2f40dd625017088b8193f960c3d8d",
						"file": "C:\/Users\/vinodmataprasad.pal.PROD\/AppData\/Local\/Temp\/DotnetFrameworkWebApp\/bin\/App_global.asax.dll"
					},
					{
						"checksum": "08e6f45acbffd9cc42df4dce18a8ac389cf5aae9",
						"file": "C:\/Users\/vinodmataprasad.pal.PROD\/AppData\/Local\/Temp\/DotnetFrameworkWebApp\/bin\/DotnetFrameworkWebApp.dll"
					},
					{
						"checksum": "d4a3aaf9c49af16670cd5f19da3856a8122246f0",
						"file": "C:\/Users\/vinodmataprasad.pal.PROD\/AppData\/Local\/Temp\/DotnetFrameworkWebApp\/bin\/Microsoft.CodeDom.Providers.DotNetCompilerPlatform.dll"
					},
					{
						"checksum": "2992552617779438c1cfd15ee00765548cde653b",
						"file": "C:\/Users\/vinodmataprasad.pal.PROD\/AppData\/Local\/Temp\/DotnetFrameworkWebApp\/bin\/Microsoft.Web.Infrastructure.dll"
					},
					{
						"checksum": "1e76e6099570ede620b76ed47cf8d03a936d49f8",
						"file": "C:\/Users\/vinodmataprasad.pal.PROD\/AppData\/Local\/Temp\/DotnetFrameworkWebApp\/bin\/Newtonsoft.Json.dll"
					},
					{
						"checksum": "c4221473ab4ff08ca78e44e00acaf9d9e9e6ffb2",
						"file": "C:\/Users\/vinodmataprasad.pal.PROD\/AppData\/Local\/Temp\/DotnetFrameworkWebApp\/bin\/System.Web.Helpers.dll"
					},
					{
						"checksum": "4eab11e742711f95aeab2ebab97093c6ac36115f",
						"file": "C:\/Users\/vinodmataprasad.pal.PROD\/AppData\/Local\/Temp\/DotnetFrameworkWebApp\/bin\/System.Web.Mvc.dll"
					},
					{
						"checksum": "72a420f9026890fc6c7f6f3a8050fd4dcf7e2d4d",
						"file": "C:\/Users\/vinodmataprasad.pal.PROD\/AppData\/Local\/Temp\/DotnetFrameworkWebApp\/bin\/System.Web.Optimization.dll"
					},
					{
						"checksum": "53d9b8c829d2f7d3dd6665c365007c12ddddea07",
						"file": "C:\/Users\/vinodmataprasad.pal.PROD\/AppData\/Local\/Temp\/DotnetFrameworkWebApp\/bin\/System.Web.Razor.dll"
					},
					{
						"checksum": "94658dbf17081820da7b82932916bac86c7c2696",
						"file": "C:\/Users\/vinodmataprasad.pal.PROD\/AppData\/Local\/Temp\/DotnetFrameworkWebApp\/bin\/System.Web.WebPages.Deployment.dll"
					},
					{
						"checksum": "80f84ed08c9f11a79874746feed1f56e1d11ae3d",
						"file": "C:\/Users\/vinodmataprasad.pal.PROD\/AppData\/Local\/Temp\/DotnetFrameworkWebApp\/bin\/System.Web.WebPages.Razor.dll"
					},
					{
						"checksum": "148558f7322dfe35ef5a37012dade7e8f86ff4d2",
						"file": "C:\/Users\/vinodmataprasad.pal.PROD\/AppData\/Local\/Temp\/DotnetFrameworkWebApp\/bin\/System.Web.WebPages.dll"
					},
					{
						"checksum": "9ee60091bf6e1cc009cc289ce8e0b8c6c602b963",
						"file": "C:\/Users\/vinodmataprasad.pal.PROD\/AppData\/Local\/Temp\/DotnetFrameworkWebApp\/bin\/WebGrease.dll"
					},
					{
						"checksum": "3ef5907b9e472aa9031eed5fe711cd630dd2fd9f",
						"file": "C:\/Users\/vinodmataprasad.pal.PROD\/AppData\/Local\/Temp\/DotnetFrameworkWebApp\/bin\/roslyn\/Microsoft.Build.Tasks.CodeAnalysis.dll"
					},
					{
						"checksum": "e7efaa46615304cddd19c191b624c8cd57dc790b",
						"file": "C:\/Users\/vinodmataprasad.pal.PROD\/AppData\/Local\/Temp\/DotnetFrameworkWebApp\/bin\/roslyn\/Microsoft.CodeAnalysis.CSharp.Scripting.dll"
					},
					{
						"checksum": "c87e085bdc36759e3797c1e213146d31701b8026",
						"file": "C:\/Users\/vinodmataprasad.pal.PROD\/AppData\/Local\/Temp\/DotnetFrameworkWebApp\/bin\/roslyn\/Microsoft.CodeAnalysis.CSharp.dll"
					},
					{
						"checksum": "e86efce98b5b7f17c3e39f79c62c9607f54c5840",
						"file": "C:\/Users\/vinodmataprasad.pal.PROD\/AppData\/Local\/Temp\/DotnetFrameworkWebApp\/bin\/roslyn\/Microsoft.CodeAnalysis.Scripting.dll"
					},
					{
						"checksum": "ad8f1b91b16d72674babc60f274ad73e40846942",
						"file": "C:\/Users\/vinodmataprasad.pal.PROD\/AppData\/Local\/Temp\/DotnetFrameworkWebApp\/bin\/roslyn\/Microsoft.CodeAnalysis.VisualBasic.dll"
					},
					{
						"checksum": "05654a9be5016d31020b0c5e826f121df1d7e9d0",
						"file": "C:\/Users\/vinodmataprasad.pal.PROD\/AppData\/Local\/Temp\/DotnetFrameworkWebApp\/bin\/roslyn\/Microsoft.CodeAnalysis.dll"
					},
					{
						"checksum": "36ed049328fe585f2053a7e20be4b98a3c3a1f24",
						"file": "C:\/Users\/vinodmataprasad.pal.PROD\/AppData\/Local\/Temp\/DotnetFrameworkWebApp\/bin\/roslyn\/Microsoft.DiaSymReader.Native.amd64.dll"
					},
					{
						"checksum": "c6f3c9d81713687dc3820d8cabf14c2a32208d27",
						"file": "C:\/Users\/vinodmataprasad.pal.PROD\/AppData\/Local\/Temp\/DotnetFrameworkWebApp\/bin\/roslyn\/Microsoft.DiaSymReader.Native.x86.dll"
					},
					{
						"checksum": "afa308c0166d8cbdd1d5e6fdaa8c9b87eb9184e7",
						"file": "C:\/Users\/vinodmataprasad.pal.PROD\/AppData\/Local\/Temp\/DotnetFrameworkWebApp\/bin\/roslyn\/Microsoft.Win32.Primitives.dll"
					},
					{
						"checksum": "c9a0c7200ad55960a1e1824b04718cbf6ca84581",
						"file": "C:\/Users\/vinodmataprasad.pal.PROD\/AppData\/Local\/Temp\/DotnetFrameworkWebApp\/bin\/roslyn\/System.AppContext.dll"
					},
					{
						"checksum": "bc9b160dbf908e7a1e198b132529ba53b2136c45",
						"file": "C:\/Users\/vinodmataprasad.pal.PROD\/AppData\/Local\/Temp\/DotnetFrameworkWebApp\/bin\/roslyn\/System.Collections.Immutable.dll"
					},
					{
						"checksum": "b5102629939ebdd4bcd0f407a92828dee5f2b565",
						"file": "C:\/Users\/vinodmataprasad.pal.PROD\/AppData\/Local\/Temp\/DotnetFrameworkWebApp\/bin\/roslyn\/System.Console.dll"
					},
					{
						"checksum": "85dc92edd4b0049ed9049e075c4def8a3d64e43b",
						"file": "C:\/Users\/vinodmataprasad.pal.PROD\/AppData\/Local\/Temp\/DotnetFrameworkWebApp\/bin\/roslyn\/System.Diagnostics.DiagnosticSource.dll"
					},
					{
						"checksum": "0b84b6bd0619fe17ba3627cbc6a5620a61a8796d",
						"file": "C:\/Users\/vinodmataprasad.pal.PROD\/AppData\/Local\/Temp\/DotnetFrameworkWebApp\/bin\/roslyn\/System.Diagnostics.FileVersionInfo.dll"
					},
					{
						"checksum": "bdc82f012ee82169cc605778d9ec87913c366b06",
						"file": "C:\/Users\/vinodmataprasad.pal.PROD\/AppData\/Local\/Temp\/DotnetFrameworkWebApp\/bin\/roslyn\/System.Diagnostics.StackTrace.dll"
					},
					{
						"checksum": "30ae8c8e57bcabe27ba675fa84d4da6af3c10ead",
						"file": "C:\/Users\/vinodmataprasad.pal.PROD\/AppData\/Local\/Temp\/DotnetFrameworkWebApp\/bin\/roslyn\/System.Globalization.Calendars.dll"
					},
					{
						"checksum": "99d6c187de8510206a93d2eed9c65e65e0c86e72",
						"file": "C:\/Users\/vinodmataprasad.pal.PROD\/AppData\/Local\/Temp\/DotnetFrameworkWebApp\/bin\/roslyn\/System.IO.Compression.ZipFile.dll"
					},
					{
						"checksum": "629ce95c12b21678d877359ec4552d431c1cfbab",
						"file": "C:\/Users\/vinodmataprasad.pal.PROD\/AppData\/Local\/Temp\/DotnetFrameworkWebApp\/bin\/roslyn\/System.IO.Compression.dll"
					},
					{
						"checksum": "8374975ca07a300021ef0acaa4f908d5bfb102fb",
						"file": "C:\/Users\/vinodmataprasad.pal.PROD\/AppData\/Local\/Temp\/DotnetFrameworkWebApp\/bin\/roslyn\/System.IO.FileSystem.Primitives.dll"
					},
					{
						"checksum": "b46ad93384323ed4aa88e8af3cdee208a88f1f6d",
						"file": "C:\/Users\/vinodmataprasad.pal.PROD\/AppData\/Local\/Temp\/DotnetFrameworkWebApp\/bin\/roslyn\/System.IO.FileSystem.dll"
					},
					{
						"checksum": "6d344a09471d8b4b849f16b0eebbaff8688a17ce",
						"file": "C:\/Users\/vinodmataprasad.pal.PROD\/AppData\/Local\/Temp\/DotnetFrameworkWebApp\/bin\/roslyn\/System.Net.Http.dll"
					},
					{
						"checksum": "00278d53e59026cd8c22889773466fef27d52bbf",
						"file": "C:\/Users\/vinodmataprasad.pal.PROD\/AppData\/Local\/Temp\/DotnetFrameworkWebApp\/bin\/roslyn\/System.Net.Sockets.dll"
					},
					{
						"checksum": "f1d3c419f0a397caee78eaba5f9756c86d7f0145",
						"file": "C:\/Users\/vinodmataprasad.pal.PROD\/AppData\/Local\/Temp\/DotnetFrameworkWebApp\/bin\/roslyn\/System.Reflection.Metadata.dll"
					},
					{
						"checksum": "4e490d7ec139a6cde53e3932d3122a48aa379904",
						"file": "C:\/Users\/vinodmataprasad.pal.PROD\/AppData\/Local\/Temp\/DotnetFrameworkWebApp\/bin\/roslyn\/System.Runtime.InteropServices.RuntimeInformation.dll"
					},
					{
						"checksum": "3c25b3faaa68cb0e291b537a4991cf413eadb6cf",
						"file": "C:\/Users\/vinodmataprasad.pal.PROD\/AppData\/Local\/Temp\/DotnetFrameworkWebApp\/bin\/roslyn\/System.Security.Cryptography.Algorithms.dll"
					},
					{
						"checksum": "a0f2c03cb813317460133de80231d7b1fb62dcc5",
						"file": "C:\/Users\/vinodmataprasad.pal.PROD\/AppData\/Local\/Temp\/DotnetFrameworkWebApp\/bin\/roslyn\/System.Security.Cryptography.Encoding.dll"
					},
					{
						"checksum": "62a622557cc0d6fced9c1a14be28dbc39e9bd6fc",
						"file": "C:\/Users\/vinodmataprasad.pal.PROD\/AppData\/Local\/Temp\/DotnetFrameworkWebApp\/bin\/roslyn\/System.Security.Cryptography.Primitives.dll"
					},
					{
						"checksum": "e9911b3c59f15474391811e17940faa6a6c217ce",
						"file": "C:\/Users\/vinodmataprasad.pal.PROD\/AppData\/Local\/Temp\/DotnetFrameworkWebApp\/bin\/roslyn\/System.Security.Cryptography.X509Certificates.dll"
					},
					{
						"checksum": "48a7a46827ed0f797b36baec8f57fb98de541524",
						"file": "C:\/Users\/vinodmataprasad.pal.PROD\/AppData\/Local\/Temp\/DotnetFrameworkWebApp\/bin\/roslyn\/System.Text.Encoding.CodePages.dll"
					},
					{
						"checksum": "9c75559fadd5062664cb04ec20dba37ffefd2e4e",
						"file": "C:\/Users\/vinodmataprasad.pal.PROD\/AppData\/Local\/Temp\/DotnetFrameworkWebApp\/bin\/roslyn\/System.Threading.Tasks.Extensions.dll"
					},
					{
						"checksum": "9cb13b73e79b0b5300176edb4dc30f12023b9725",
						"file": "C:\/Users\/vinodmataprasad.pal.PROD\/AppData\/Local\/Temp\/DotnetFrameworkWebApp\/bin\/roslyn\/System.ValueTuple.dll"
					},
					{
						"checksum": "765c9e4d36b4f2986514c1ab24b5e5e56afff448",
						"file": "C:\/Users\/vinodmataprasad.pal.PROD\/AppData\/Local\/Temp\/DotnetFrameworkWebApp\/bin\/roslyn\/System.Xml.ReaderWriter.dll"
					},
					{
						"checksum": "129ab0a646a4899b3fd2525f37b11048c4075e73",
						"file": "C:\/Users\/vinodmataprasad.pal.PROD\/AppData\/Local\/Temp\/DotnetFrameworkWebApp\/bin\/roslyn\/System.Xml.XPath.XDocument.dll"
					},
					{
						"checksum": "2b6a273ac7a6c072c1c338f6d447ec7c8dbc92e6",
						"file": "C:\/Users\/vinodmataprasad.pal.PROD\/AppData\/Local\/Temp\/DotnetFrameworkWebApp\/bin\/roslyn\/System.Xml.XPath.dll"
					},
					{
						"checksum": "e4bfbd7f5db31ea919537d0510cf8b224e4e97b5",
						"file": "C:\/Users\/vinodmataprasad.pal.PROD\/AppData\/Local\/Temp\/DotnetFrameworkWebApp\/bin\/roslyn\/System.Xml.XmlDocument.dll"
					},
					{
						"checksum": "0590a3764d36982fdaec8685cd8159028d77a543",
						"file": "C:\/Users\/vinodmataprasad.pal.PROD\/AppData\/Local\/Temp\/DotnetFrameworkWebApp\/bin\/roslyn\/VBCSCompiler.exe"
					},
					{
						"checksum": "c53a6bd11a1cb724fc8526e3dc42028262349aeb",
						"file": "C:\/Users\/vinodmataprasad.pal.PROD\/AppData\/Local\/Temp\/DotnetFrameworkWebApp\/bin\/roslyn\/csc.exe"
					},
					{
						"checksum": "9206f476f02ecf32348330190e466aa3fefe6145",
						"file": "C:\/Users\/vinodmataprasad.pal.PROD\/AppData\/Local\/Temp\/DotnetFrameworkWebApp\/bin\/roslyn\/csi.exe"
					},
					{
						"checksum": "5ee444b16c6b81ca56af3554f741a58deb42cd36",
						"file": "C:\/Users\/vinodmataprasad.pal.PROD\/AppData\/Local\/Temp\/DotnetFrameworkWebApp\/bin\/roslyn\/vbc.exe"
					},
					{
						"checksum": "ff476978e5e00463446866270634649a6ba48008",
						"file": "C:\/projects\/WebApplication1\/ConsoleApp1\/packages\/Antlr.3.5.0.2\/lib\/Antlr3.Runtime.dll"
					},
					{
						"checksum": "4eab11e742711f95aeab2ebab97093c6ac36115f",
						"file": "C:\/projects\/WebApplication1\/ConsoleApp1\/packages\/Microsoft.AspNet.Mvc.5.2.9\/lib\/net45\/System.Web.Mvc.dll"
					},
					{
						"checksum": "53d9b8c829d2f7d3dd6665c365007c12ddddea07",
						"file": "C:\/projects\/WebApplication1\/ConsoleApp1\/packages\/Microsoft.AspNet.Razor.3.2.9\/lib\/net45\/System.Web.Razor.dll"
					},
					{
						"checksum": "72a420f9026890fc6c7f6f3a8050fd4dcf7e2d4d",
						"file": "C:\/projects\/WebApplication1\/ConsoleApp1\/packages\/Microsoft.AspNet.Web.Optimization.1.1.3\/lib\/net40\/System.Web.Optimization.dll"
					},
					{
						"checksum": "c4221473ab4ff08ca78e44e00acaf9d9e9e6ffb2",
						"file": "C:\/projects\/WebApplication1\/ConsoleApp1\/packages\/Microsoft.AspNet.WebPages.3.2.9\/lib\/net45\/System.Web.Helpers.dll"
					},
					{
						"checksum": "94658dbf17081820da7b82932916bac86c7c2696",
						"file": "C:\/projects\/WebApplication1\/ConsoleApp1\/packages\/Microsoft.AspNet.WebPages.3.2.9\/lib\/net45\/System.Web.WebPages.Deployment.dll"
					},
					{
						"checksum": "80f84ed08c9f11a79874746feed1f56e1d11ae3d",
						"file": "C:\/projects\/WebApplication1\/ConsoleApp1\/packages\/Microsoft.AspNet.WebPages.3.2.9\/lib\/net45\/System.Web.WebPages.Razor.dll"
					},
					{
						"checksum": "148558f7322dfe35ef5a37012dade7e8f86ff4d2",
						"file": "C:\/projects\/WebApplication1\/ConsoleApp1\/packages\/Microsoft.AspNet.WebPages.3.2.9\/lib\/net45\/System.Web.WebPages.dll"
					},
					{
						"checksum": "d4a3aaf9c49af16670cd5f19da3856a8122246f0",
						"file": "C:\/projects\/WebApplication1\/ConsoleApp1\/packages\/Microsoft.CodeDom.Providers.DotNetCompilerPlatform.2.0.1\/lib\/net45\/Microsoft.CodeDom.Providers.DotNetCompilerPlatform.dll"
					},
					{
						"checksum": "2992552617779438c1cfd15ee00765548cde653b",
						"file": "C:\/projects\/WebApplication1\/ConsoleApp1\/packages\/Microsoft.Web.Infrastructure.2.0.0\/lib\/net40\/Microsoft.Web.Infrastructure.dll"
					},
					{
						"checksum": "1e76e6099570ede620b76ed47cf8d03a936d49f8",
						"file": "C:\/projects\/WebApplication1\/ConsoleApp1\/packages\/Newtonsoft.Json.13.0.3\/lib\/net45\/Newtonsoft.Json.dll"
					},
					{
						"checksum": "9ee60091bf6e1cc009cc289ce8e0b8c6c602b963",
						"file": "C:\/projects\/WebApplication1\/ConsoleApp1\/packages\/WebGrease.1.6.0\/lib\/WebGrease.dll"
					}
				],
				"name": "Open Source"
			},
			{
				"files_to_analyze": [
					{
						"checksum": "b3ce3c5d4c7c25f0686b0557314c74b070011721",
						"file": "C:\/Users\/vinodmataprasad.pal.PROD\/AppData\/Local\/Temp\/DotnetFrameworkWebApp\/bin\/App_Web_gn5ar32a.dll"
					},
					{
						"checksum": "7ccc1cbdb65316ff21fa2f8fe3f61688bdcf82f4",
						"file": "C:\/Users\/vinodmataprasad.pal.PROD\/AppData\/Local\/Temp\/DotnetFrameworkWebApp\/bin\/App_Web_hf3xazmj.dll"
					},
					{
						"checksum": "5a9336aab471c5f76fe91ce3f9a556cfeca4299c",
						"file": "C:\/Users\/vinodmataprasad.pal.PROD\/AppData\/Local\/Temp\/DotnetFrameworkWebApp\/bin\/App_Web_ndn2xrys.dll"
					},
					{
						"checksum": "2fd299822ea2f40dd625017088b8193f960c3d8d",
						"file": "C:\/Users\/vinodmataprasad.pal.PROD\/AppData\/Local\/Temp\/DotnetFrameworkWebApp\/bin\/App_global.asax.dll"
					},
					{
						"checksum": "9ee60091bf6e1cc009cc289ce8e0b8c6c602b963",
						"file": "C:\/Users\/vinodmataprasad.pal.PROD\/AppData\/Local\/Temp\/DotnetFrameworkWebApp\/bin\/WebGrease.dll"
					},
					{
						"checksum": "3ef5907b9e472aa9031eed5fe711cd630dd2fd9f",
						"file": "C:\/Users\/vinodmataprasad.pal.PROD\/AppData\/Local\/Temp\/DotnetFrameworkWebApp\/bin\/roslyn\/Microsoft.Build.Tasks.CodeAnalysis.dll"
					},
					{
						"checksum": "e7efaa46615304cddd19c191b624c8cd57dc790b",
						"file": "C:\/Users\/vinodmataprasad.pal.PROD\/AppData\/Local\/Temp\/DotnetFrameworkWebApp\/bin\/roslyn\/Microsoft.CodeAnalysis.CSharp.Scripting.dll"
					},
					{
						"checksum": "e86efce98b5b7f17c3e39f79c62c9607f54c5840",
						"file": "C:\/Users\/vinodmataprasad.pal.PROD\/AppData\/Local\/Temp\/DotnetFrameworkWebApp\/bin\/roslyn\/Microsoft.CodeAnalysis.Scripting.dll"
					},
					{
						"checksum": "afa308c0166d8cbdd1d5e6fdaa8c9b87eb9184e7",
						"file": "C:\/Users\/vinodmataprasad.pal.PROD\/AppData\/Local\/Temp\/DotnetFrameworkWebApp\/bin\/roslyn\/Microsoft.Win32.Primitives.dll"
					},
					{
						"checksum": "c9a0c7200ad55960a1e1824b04718cbf6ca84581",
						"file": "C:\/Users\/vinodmataprasad.pal.PROD\/AppData\/Local\/Temp\/DotnetFrameworkWebApp\/bin\/roslyn\/System.AppContext.dll"
					},
					{
						"checksum": "b5102629939ebdd4bcd0f407a92828dee5f2b565",
						"file": "C:\/Users\/vinodmataprasad.pal.PROD\/AppData\/Local\/Temp\/DotnetFrameworkWebApp\/bin\/roslyn\/System.Console.dll"
					},
					{
						"checksum": "85dc92edd4b0049ed9049e075c4def8a3d64e43b",
						"file": "C:\/Users\/vinodmataprasad.pal.PROD\/AppData\/Local\/Temp\/DotnetFrameworkWebApp\/bin\/roslyn\/System.Diagnostics.DiagnosticSource.dll"
					},
					{
						"checksum": "0b84b6bd0619fe17ba3627cbc6a5620a61a8796d",
						"file": "C:\/Users\/vinodmataprasad.pal.PROD\/AppData\/Local\/Temp\/DotnetFrameworkWebApp\/bin\/roslyn\/System.Diagnostics.FileVersionInfo.dll"
					},
					{
						"checksum": "30ae8c8e57bcabe27ba675fa84d4da6af3c10ead",
						"file": "C:\/Users\/vinodmataprasad.pal.PROD\/AppData\/Local\/Temp\/DotnetFrameworkWebApp\/bin\/roslyn\/System.Globalization.Calendars.dll"
					},
					{
						"checksum": "99d6c187de8510206a93d2eed9c65e65e0c86e72",
						"file": "C:\/Users\/vinodmataprasad.pal.PROD\/AppData\/Local\/Temp\/DotnetFrameworkWebApp\/bin\/roslyn\/System.IO.Compression.ZipFile.dll"
					},
					{
						"checksum": "629ce95c12b21678d877359ec4552d431c1cfbab",
						"file": "C:\/Users\/vinodmataprasad.pal.PROD\/AppData\/Local\/Temp\/DotnetFrameworkWebApp\/bin\/roslyn\/System.IO.Compression.dll"
					},
					{
						"checksum": "8374975ca07a300021ef0acaa4f908d5bfb102fb",
						"file": "C:\/Users\/vinodmataprasad.pal.PROD\/AppData\/Local\/Temp\/DotnetFrameworkWebApp\/bin\/roslyn\/System.IO.FileSystem.Primitives.dll"
					},
					{
						"checksum": "b46ad93384323ed4aa88e8af3cdee208a88f1f6d",
						"file": "C:\/Users\/vinodmataprasad.pal.PROD\/AppData\/Local\/Temp\/DotnetFrameworkWebApp\/bin\/roslyn\/System.IO.FileSystem.dll"
					},
					{
						"checksum": "6d344a09471d8b4b849f16b0eebbaff8688a17ce",
						"file": "C:\/Users\/vinodmataprasad.pal.PROD\/AppData\/Local\/Temp\/DotnetFrameworkWebApp\/bin\/roslyn\/System.Net.Http.dll"
					},
					{
						"checksum": "00278d53e59026cd8c22889773466fef27d52bbf",
						"file": "C:\/Users\/vinodmataprasad.pal.PROD\/AppData\/Local\/Temp\/DotnetFrameworkWebApp\/bin\/roslyn\/System.Net.Sockets.dll"
					},
					{
						"checksum": "f1d3c419f0a397caee78eaba5f9756c86d7f0145",
						"file": "C:\/Users\/vinodmataprasad.pal.PROD\/AppData\/Local\/Temp\/DotnetFrameworkWebApp\/bin\/roslyn\/System.Reflection.Metadata.dll"
					},
					{
						"checksum": "4e490d7ec139a6cde53e3932d3122a48aa379904",
						"file": "C:\/Users\/vinodmataprasad.pal.PROD\/AppData\/Local\/Temp\/DotnetFrameworkWebApp\/bin\/roslyn\/System.Runtime.InteropServices.RuntimeInformation.dll"
					},
					{
						"checksum": "3c25b3faaa68cb0e291b537a4991cf413eadb6cf",
						"file": "C:\/Users\/vinodmataprasad.pal.PROD\/AppData\/Local\/Temp\/DotnetFrameworkWebApp\/bin\/roslyn\/System.Security.Cryptography.Algorithms.dll"
					},
					{
						"checksum": "a0f2c03cb813317460133de80231d7b1fb62dcc5",
						"file": "C:\/Users\/vinodmataprasad.pal.PROD\/AppData\/Local\/Temp\/DotnetFrameworkWebApp\/bin\/roslyn\/System.Security.Cryptography.Encoding.dll"
					},
					{
						"checksum": "62a622557cc0d6fced9c1a14be28dbc39e9bd6fc",
						"file": "C:\/Users\/vinodmataprasad.pal.PROD\/AppData\/Local\/Temp\/DotnetFrameworkWebApp\/bin\/roslyn\/System.Security.Cryptography.Primitives.dll"
					},
					{
						"checksum": "e9911b3c59f15474391811e17940faa6a6c217ce",
						"file": "C:\/Users\/vinodmataprasad.pal.PROD\/AppData\/Local\/Temp\/DotnetFrameworkWebApp\/bin\/roslyn\/System.Security.Cryptography.X509Certificates.dll"
					},
					{
						"checksum": "48a7a46827ed0f797b36baec8f57fb98de541524",
						"file": "C:\/Users\/vinodmataprasad.pal.PROD\/AppData\/Local\/Temp\/DotnetFrameworkWebApp\/bin\/roslyn\/System.Text.Encoding.CodePages.dll"
					},
					{
						"checksum": "9cb13b73e79b0b5300176edb4dc30f12023b9725",
						"file": "C:\/Users\/vinodmataprasad.pal.PROD\/AppData\/Local\/Temp\/DotnetFrameworkWebApp\/bin\/roslyn\/System.ValueTuple.dll"
					},
					{
						"checksum": "765c9e4d36b4f2986514c1ab24b5e5e56afff448",
						"file": "C:\/Users\/vinodmataprasad.pal.PROD\/AppData\/Local\/Temp\/DotnetFrameworkWebApp\/bin\/roslyn\/System.Xml.ReaderWriter.dll"
					},
					{
						"checksum": "129ab0a646a4899b3fd2525f37b11048c4075e73",
						"file": "C:\/Users\/vinodmataprasad.pal.PROD\/AppData\/Local\/Temp\/DotnetFrameworkWebApp\/bin\/roslyn\/System.Xml.XPath.XDocument.dll"
					},
					{
						"checksum": "2b6a273ac7a6c072c1c338f6d447ec7c8dbc92e6",
						"file": "C:\/Users\/vinodmataprasad.pal.PROD\/AppData\/Local\/Temp\/DotnetFrameworkWebApp\/bin\/roslyn\/System.Xml.XPath.dll"
					},
					{
						"checksum": "e4bfbd7f5db31ea919537d0510cf8b224e4e97b5",
						"file": "C:\/Users\/vinodmataprasad.pal.PROD\/AppData\/Local\/Temp\/DotnetFrameworkWebApp\/bin\/roslyn\/System.Xml.XmlDocument.dll"
					},
					{
						"checksum": "0590a3764d36982fdaec8685cd8159028d77a543",
						"file": "C:\/Users\/vinodmataprasad.pal.PROD\/AppData\/Local\/Temp\/DotnetFrameworkWebApp\/bin\/roslyn\/VBCSCompiler.exe"
					},
					{
						"checksum": "c53a6bd11a1cb724fc8526e3dc42028262349aeb",
						"file": "C:\/Users\/vinodmataprasad.pal.PROD\/AppData\/Local\/Temp\/DotnetFrameworkWebApp\/bin\/roslyn\/csc.exe"
					},
					{
						"checksum": "5ee444b16c6b81ca56af3554f741a58deb42cd36",
						"file": "C:\/Users\/vinodmataprasad.pal.PROD\/AppData\/Local\/Temp\/DotnetFrameworkWebApp\/bin\/roslyn\/vbc.exe"
					}
				],
				"name": "DotNet"
			}
		]
	}
}